n,volt_flow,input_level,volt_pot,timestamp
1,0.010833905546654421,4.30064810772692,69,0.0009970664978027344
2,0.010833905546654421,4.30064810772692,69,0.1655566692352295
3,0.010833905546654421,4.30064810772692,69,0.31519150733947754
4,0.010833905546654421,4.30064810772692,69,0.4957127571105957
5,0.010833905546654421,4.305853117969036,69,0.6852350234985352
6,0.010833905546654421,4.305853117969036,69,0.8450226783752441
7,0.010833905546654421,4.305853117969036,69,1.0223238468170166
8,0.010833905546654421,4.305853117969036,69,1.200098991394043
9,2.8075074387731753,4.305853117969036,69,1.3936946392059326
10,2.8075074387731753,4.308976124114306,69,1.5650882720947266
11,2.8075074387731753,4.308976124114306,69,1.7271308898925781
12,2.8075074387731753,4.308976124114306,69,1.899284839630127
13,2.8075074387731753,4.308976124114306,69,2.0936601161956787
14,3.619592584115358,4.308976124114306,69,2.285222053527832
15,3.619592584115358,4.308976124114306,69,2.4796595573425293
16,3.619592584115358,4.308976124114306,69,2.6402313709259033
17,3.619592584115358,4.308976124114306,69,2.784929037094116
18,3.619592584115358,4.308976124114306,69,2.962066173553467
19,3.619592584115358,4.308976124114306,69,3.1144680976867676
20,3.702601663233386,4.308976124114306,69,3.284167528152466
21,3.702601663233386,4.308976124114306,69,3.4606659412384033
22,3.702601663233386,4.308976124114306,69,3.5976524353027344
23,3.702601663233386,4.308976124114306,69,3.7699167728424072
24,3.702601663233386,4.308976124114306,69,3.90545916557312
25,3.7096208133058663,4.308976124114306,69,4.076468229293823
26,3.7096208133058663,4.308976124114306,69,4.272479772567749
27,3.7096208133058663,4.308976124114306,69,4.416092157363892
28,3.7096208133058663,4.308976124114306,69,4.577534198760986
29,3.7096208133058663,4.308976124114306,69,4.737234592437744
30,3.7096208133058663,4.308976124114306,69,4.905466794967651
31,3.7087052719920646,4.308976124114306,69,5.057139158248901
32,3.7087052719920646,4.307414621041671,69,5.190703868865967
33,3.7087052719920646,4.307414621041671,69,5.335083723068237
34,3.7087052719920646,4.307414621041671,69,5.504638433456421
35,3.7087052719920646,4.307414621041671,69,5.674176216125488
36,3.7087052719920646,4.307414621041671,69,5.861074686050415
37,3.7096208133058663,4.307414621041671,69,6.019646406173706
38,3.7096208133058663,4.307414621041671,69,6.189431667327881
39,3.7096208133058663,4.307414621041671,69,6.329777240753174
40,3.7096208133058663,4.307414621041671,69,6.502315521240234
41,3.7096208133058663,4.307414621041671,69,6.647181987762451
42,3.7096208133058663,4.307414621041671,69,6.805503845214844
43,3.697718776226443,4.307414621041671,69,6.9780433177948
44,3.697718776226443,4.307414621041671,69,7.151610374450684
45,3.697718776226443,4.307414621041671,69,7.306166172027588
46,3.697718776226443,4.307414621041671,69,7.4715800285339355
47,3.697718776226443,4.307414621041671,69,7.645751476287842
48,3.707789730678263,4.307414621041671,69,7.8062849044799805
49,3.707789730678263,4.307414621041671,69,7.9580979347229
50,3.707789730678263,4.307414621041671,69,8.105373620986938
51,3.707789730678263,4.307414621041671,69,8.28017807006836
52,3.707789730678263,4.307414621041671,69,8.444136381149292
53,3.707789730678263,4.307414621041671,69,8.605738639831543
54,3.707789730678263,4.307414621041671,69,8.756400108337402
55,3.707789730678263,4.308976124114306,69,8.92983365058899
56,3.707789730678263,4.308976124114306,69,9.116341590881348
57,3.707789730678263,4.308976124114306,69,9.264936208724976
58,3.707789730678263,4.308976124114306,69,9.415539979934692
59,3.707789730678263,4.308976124114306,69,9.595577001571655
60,3.714503700312809,4.308976124114306,69,9.766597986221313
61,3.714503700312809,4.308976124114306,69,9.903229236602783
62,3.714503700312809,4.308976124114306,69,10.098331689834595
63,3.714503700312809,4.308976124114306,69,10.258106470108032
64,3.714503700312809,4.308976124114306,69,10.423497200012207
65,3.7215228503852895,4.308976124114306,69,10.569382667541504
66,3.7215228503852895,4.308976124114306,69,10.72782015800476
67,3.7215228503852895,4.308976124114306,69,10.897711515426636
68,3.7215228503852895,4.308976124114306,69,11.085663795471191
69,3.7215228503852895,4.308976124114306,69,11.242255926132202
70,3.7215228503852895,4.308976124114306,69,11.389041662216187
71,3.7087052719920646,4.308976124114306,69,11.560391902923584
72,3.7087052719920646,4.308976124114306,69,11.731931924819946
73,3.7087052719920646,4.308976124114306,69,11.911451816558838
74,3.7087052719920646,4.308976124114306,69,12.079364776611328
75,3.7087052719920646,4.308976124114306,69,12.279803037643433
76,3.732509346150911,4.308976124114306,69,12.444859266281128
77,3.732509346150911,4.307414621041671,69,12.601385593414307
78,3.732509346150911,4.307414621041671,69,12.77192759513855
79,3.732509346150911,4.307414621041671,69,12.973389148712158
80,3.732509346150911,4.307414621041671,69,13.149303913116455
81,3.711757076371404,4.307414621041671,69,13.303545236587524
82,3.711757076371404,4.307414621041671,69,13.473129987716675
83,3.711757076371404,4.307414621041671,69,13.650696992874146
84,3.711757076371404,4.307414621041671,69,13.835939884185791
85,3.711757076371404,4.307414621041671,69,13.998504877090454
86,3.711757076371404,4.307414621041671,69,14.183422088623047
87,3.6287479972533756,4.307414621041671,69,14.341608047485352
88,3.6287479972533756,4.307414621041671,69,14.49480390548706
89,3.6287479972533756,4.307414621041671,69,14.65380334854126
90,3.6287479972533756,4.307414621041671,69,14.790440559387207
91,3.6287479972533756,4.307414621041671,69,14.993895292282104
92,3.7087052719920646,4.307414621041671,69,15.17126178741455
93,3.7087052719920646,4.307414621041671,69,15.354630947113037
94,3.7087052719920646,4.307414621041671,69,15.52514910697937
95,3.7087052719920646,4.307414621041671,69,15.707939624786377
96,3.7087052719920646,4.307414621041671,69,15.871448040008545
97,3.7087052719920646,4.307414621041671,69,16.027998685836792
98,3.72854200045777,4.308976124114306,69,16.195622444152832
99,3.72854200045777,4.308976124114306,69,16.33718228340149
100,3.72854200045777,4.308976124114306,69,16.481066942214966
101,3.72854200045777,4.308976124114306,69,16.67128610610962
102,3.72854200045777,4.308976124114306,69,16.842042207717896
103,3.7215228503852895,4.308976124114306,69,16.985045671463013
104,3.7215228503852895,4.308976124114306,69,17.15000867843628
105,3.7215228503852895,4.308976124114306,69,17.309609174728394
106,3.7215228503852895,4.308976124114306,69,17.481321811676025
107,3.7215228503852895,4.308976124114306,69,17.63673424720764
108,3.7215228503852895,4.308976124114306,69,17.807790517807007
109,3.7056534676127253,4.308976124114306,69,17.987914323806763
110,3.7056534676127253,4.308976124114306,69,18.170411348342896
111,3.7056534676127253,4.308976124114306,69,18.332834482192993
112,3.7056534676127253,4.308976124114306,69,18.492464065551758
113,3.7056534676127253,4.308976124114306,69,18.64728546142578
114,3.7056534676127253,4.308976124114306,69,18.802021741867065
115,3.710536354619668,4.308976124114306,69,18.964869260787964
116,3.710536354619668,4.308976124114306,69,19.119174003601074
117,3.710536354619668,4.308976124114306,69,19.311885595321655
118,3.710536354619668,4.308976124114306,69,19.476696014404297
119,3.710536354619668,4.308976124114306,69,19.63587975502014
120,3.72854200045777,4.307414621041671,69,19.845067739486694
121,3.72854200045777,4.307414621041671,69,20.011898279190063
122,3.72854200045777,4.307414621041671,69,20.174946546554565
123,3.72854200045777,4.307414621041671,69,20.319453477859497
124,3.72854200045777,4.307414621041671,69,20.475064992904663
125,3.72854200045777,4.307414621041671,69,20.625653743743896
126,3.703517204547188,4.307414621041671,69,20.787201166152954
127,3.703517204547188,4.307414621041671,69,20.94278860092163
128,3.703517204547188,4.307414621041671,69,21.129371404647827
129,3.703517204547188,4.307414621041671,69,21.298352003097534
130,3.703517204547188,4.307414621041671,69,21.447933673858643
131,3.715724422064545,4.307414621041671,69,21.626338720321655
132,3.715724422064545,4.307414621041671,69,21.783917665481567
133,3.715724422064545,4.307414621041671,69,21.934247970581055
134,3.715724422064545,4.307414621041671,69,22.09083914756775
135,3.715724422064545,4.307414621041671,69,22.233448266983032
136,3.715724422064545,4.307414621041671,69,22.425572633743286
137,3.7175555046921485,4.307414621041671,69,22.5883047580719
138,3.7175555046921485,4.307414621041671,69,22.767946243286133
139,3.7175555046921485,4.307414621041671,69,22.976792573928833
140,3.7175555046921485,4.307414621041671,69,23.13337278366089
141,3.7175555046921485,4.307414621041671,69,23.300381183624268
142,3.715724422064545,4.307414621041671,69,23.447479963302612
143,3.715724422064545,4.308976124114306,69,23.621885061264038
144,3.715724422064545,4.308976124114306,69,23.80693483352661
145,3.715724422064545,4.308976124114306,69,23.995561599731445
146,3.715724422064545,4.308976124114306,69,24.171524047851562
147,3.694666971847104,4.308976124114306,69,24.349512100219727
148,3.694666971847104,4.308976124114306,69,24.55546998977661
149,3.694666971847104,4.308976124114306,69,24.740535259246826
150,3.694666971847104,4.308976124114306,69,24.883297204971313
151,3.694666971847104,4.308976124114306,69,25.09787344932556
152,3.694666971847104,4.308976124114306,69,25.25540852546692
153,3.7007705806057825,4.308976124114306,69,25.419278621673584
154,3.7007705806057825,4.308976124114306,69,25.557206630706787
155,3.7007705806057825,4.308976124114306,69,25.712203979492188
156,3.7007705806057825,4.308976124114306,69,25.911853790283203
157,3.7007705806057825,4.308976124114306,69,26.055230855941772
158,3.714503700312809,4.308976124114306,69,26.211841106414795
159,3.714503700312809,4.308976124114306,69,26.389503479003906
160,3.714503700312809,4.308976124114306,69,26.571048736572266
161,3.714503700312809,4.308976124114306,69,26.72582721710205
162,3.714503700312809,4.308976124114306,69,26.87331748008728
163,3.714503700312809,4.308976124114306,69,27.035882711410522
164,3.7206073090714877,4.308976124114306,69,27.173514366149902
165,3.7206073090714877,4.307414621041671,69,27.31713080406189
166,3.7206073090714877,4.307414621041671,69,27.45413875579834
167,3.7206073090714877,4.307414621041671,69,27.657616138458252
168,3.7206073090714877,4.307414621041671,69,27.831157684326172
169,3.697718776226443,4.307414621041671,69,29.00490665435791
170,3.697718776226443,4.307414621041671,69,29.206167459487915
171,3.697718776226443,4.307414621041671,69,29.391648530960083
172,3.697718776226443,4.307414621041671,69,29.600802421569824
173,3.697718776226443,4.307414621041671,69,29.74149751663208
174,3.7166399633783467,4.307414621041671,69,29.895055294036865
175,3.7166399633783467,4.307414621041671,69,30.051679372787476
176,3.7166399633783467,4.307414621041671,69,30.225215911865234
177,3.7166399633783467,4.307414621041671,69,30.43766474723816
178,3.7166399633783467,4.307414621041671,69,30.583106994628906
179,3.7166399633783467,4.307414621041671,69,30.75166344642639
180,3.706569008926527,4.308976124114306,69,30.915234327316284
181,3.706569008926527,4.308976124114306,69,31.077061414718628
182,3.706569008926527,4.308976124114306,69,31.278610706329346
183,3.706569008926527,4.308976124114306,69,31.46406054496765
184,3.706569008926527,4.308976124114306,69,31.63215184211731
185,3.6995498588540467,4.308976124114306,69,31.825650215148926
186,3.6995498588540467,4.308976124114306,69,31.96728754043579
187,3.6995498588540467,4.308976124114306,69,32.13496732711792
188,3.6995498588540467,4.308976124114306,69,32.27303194999695
189,3.6995498588540467,4.308976124114306,69,32.434560775756836
190,3.702601663233386,4.308976124114306,69,32.60954570770264
191,3.702601663233386,4.308976124114306,69,32.77591681480408
192,3.702601663233386,4.308976124114306,69,32.92946791648865
193,3.702601663233386,4.308976124114306,69,33.13455772399902
194,3.702601663233386,4.308976124114306,69,33.298359632492065
195,3.702601663233386,4.308976124114306,69,33.44498372077942
196,3.698634317540245,4.308976124114306,69,33.61429309844971
197,3.698634317540245,4.308976124114306,69,33.78065037727356
198,3.698634317540245,4.308976124114306,69,33.956151247024536
199,3.698634317540245,4.308976124114306,69,34.137643575668335
200,3.698634317540245,4.308976124114306,69,34.30050730705261
201,3.698634317540245,4.308976124114306,69,34.442100524902344
202,3.7007705806057825,4.307414621041671,69,34.59896969795227
203,3.7007705806057825,4.307414621041671,69,34.750303983688354
204,3.7007705806057825,4.307414621041671,69,34.92979598045349
205,3.7007705806057825,4.307414621041671,69,35.080397605895996
206,3.7007705806057825,4.307414621041671,69,35.28037405014038
207,3.6995498588540467,4.307414621041671,69,35.484787940979004
208,3.6995498588540467,4.307414621041671,69,35.62245512008667
209,3.6995498588540467,4.307414621041671,69,35.77501177787781
210,3.6995498588540467,4.307414621041671,69,35.96350884437561
211,3.6995498588540467,4.307414621041671,69,36.13089728355408
212,3.6995498588540467,4.307414621041671,69,36.29914879798889
213,3.694666971847104,4.307414621041671,69,36.43718886375427
214,3.694666971847104,4.307414621041671,69,36.578847885131836
215,3.694666971847104,4.307414621041671,69,36.72632336616516
216,3.694666971847104,4.307414621041671,69,36.87196326255798
217,3.694666971847104,4.307414621041671,69,37.02253794670105
218,3.694666971847104,4.307414621041671,69,37.20253086090088
219,3.6827649347676807,4.307414621041671,69,37.34973335266113
220,3.6827649347676807,4.307414621041671,69,37.50331163406372
221,3.6827649347676807,4.307414621041671,69,37.70436906814575
222,3.6827649347676807,4.307414621041671,69,37.86102604866028
223,3.6827649347676807,4.307414621041671,69,37.99936532974243
224,3.6827649347676807,4.307414621041671,69,38.154616594314575
225,3.6665903715571826,4.308976124114306,69,38.33901405334473
226,3.6665903715571826,4.308976124114306,69,38.51197814941406
227,3.6665903715571826,4.308976124114306,69,38.69548511505127
228,3.6665903715571826,4.308976124114306,69,38.863139629364014
229,3.6665903715571826,4.308976124114306,69,39.015629529953
230,3.6717784390020594,4.308976124114306,69,39.16525959968567
231,3.6717784390020594,4.308976124114306,69,39.311079263687134
232,3.6717784390020594,4.308976124114306,69,39.4746789932251
233,3.6717784390020594,4.308976124114306,69,39.623255252838135
234,3.6717784390020594,4.308976124114306,69,39.80517244338989
235,3.6717784390020594,4.308976124114306,69,39.95177626609802
236,3.718776226443884,4.308976124114306,69,40.13129663467407
237,3.718776226443884,4.308976124114306,69,40.30383515357971
238,3.718776226443884,4.308976124114306,69,40.511024475097656
239,3.718776226443884,4.308976124114306,69,40.67185091972351
240,3.718776226443884,4.308976124114306,69,40.846540451049805
241,3.702601663233386,4.308976124114306,69,41.012155055999756
242,3.702601663233386,4.308976124114306,69,41.170838356018066
243,3.702601663233386,4.308976124114306,69,41.33752083778381
244,3.702601663233386,4.308976124114306,69,41.53702235221863
245,3.702601663233386,4.308976124114306,69,41.66763472557068
246,3.702601663233386,4.308976124114306,69,41.86350870132446
247,3.7056534676127253,4.308976124114306,69,42.0510036945343
248,3.7056534676127253,4.308976124114306,69,42.202598333358765
249,3.7056534676127253,4.308976124114306,69,42.36238431930542
250,3.7056534676127253,4.308976124114306,69,42.50825905799866
251,3.7056534676127253,4.308976124114306,69,42.68253135681152
252,3.6955825131609057,4.308976124114306,69,42.84318280220032
253,3.6955825131609057,4.307414621041671,69,42.985774755477905
254,3.6955825131609057,4.307414621041671,69,43.1622998714447
255,3.6955825131609057,4.307414621041671,69,43.352365493774414
256,3.6955825131609057,4.307414621041671,69,43.49849462509155
257,3.6955825131609057,4.307414621041671,69,43.63506460189819
258,3.714503700312809,4.307414621041671,69,43.763694047927856
259,3.714503700312809,4.307414621041671,69,43.99010109901428
260,3.714503700312809,4.307414621041671,69,44.14667057991028
261,3.714503700312809,4.307414621041671,69,44.29829287528992
262,3.714503700312809,4.307414621041671,69,44.48175621032715
263,3.714503700312809,4.307414621041671,69,44.641069173812866
264,3.7215228503852895,4.308976124114306,69,45.78936767578125
265,3.7215228503852895,4.308976124114306,69,45.93600583076477
266,3.710536354619668,4.308976124114306,69,47.09131145477295
267,3.710536354619668,4.308976124114306,69,47.248891830444336
268,3.736781872281986,4.308976124114306,69,47.41444659233093
269,3.736781872281986,4.308976124114306,69,47.57615876197815
270,3.736781872281986,4.308976124114306,69,47.734763383865356
271,3.736781872281986,4.308976124114306,69,47.88859009742737
272,3.736781872281986,4.308976124114306,69,48.03410339355469
273,3.736781872281986,4.308976124114306,69,48.20959758758545
274,3.7227435721370252,4.308976124114306,69,48.369157791137695
275,3.7227435721370252,4.308976124114306,69,48.535415172576904
276,3.7227435721370252,4.308976124114306,69,48.695029735565186
277,3.7227435721370252,4.308976124114306,69,48.85955309867859
278,3.7227435721370252,4.308976124114306,69,49.0131402015686
279,3.6827649347676807,4.311058128211153,69,50.16568899154663
280,3.6827649347676807,4.311058128211153,69,50.31739926338196
281,3.6827649347676807,4.311058128211153,69,50.48684072494507
282,3.6827649347676807,4.311058128211153,69,50.63130283355713
283,3.6827649347676807,4.311058128211153,69,50.791874170303345
284,3.6827649347676807,4.311058128211153,69,50.921711921691895
285,3.697718776226443,4.311058128211153,69,51.08402967453003
286,3.697718776226443,4.3365626783975255,69,51.240591287612915
287,3.697718776226443,4.3365626783975255,69,51.374237298965454
288,3.697718776226443,4.3365626783975255,69,51.54271078109741
289,3.697718776226443,4.3365626783975255,69,51.69391870498657
290,3.697718776226443,4.3365626783975255,69,51.854264974594116
291,3.732509346150911,4.3365626783975255,69,52.03788638114929
292,3.732509346150911,4.353739212196512,69,52.1955451965332
293,3.732509346150911,4.353739212196512,69,52.33517670631409
294,3.732509346150911,4.353739212196512,69,52.47380781173706
295,3.732509346150911,4.353739212196512,69,52.656352043151855
296,3.732509346150911,4.353739212196512,69,52.79481220245361
297,3.723659113450827,4.353739212196512,69,52.94856381416321
298,3.723659113450827,4.38913328184291,69,53.131975173950195
299,3.723659113450827,4.38913328184291,69,53.32897114753723
300,3.723659113450827,4.38913328184291,69,53.504451274871826
301,3.723659113450827,4.38913328184291,69,53.705361127853394
302,3.7306782635233073,4.415158333053494,69,53.902255058288574
303,3.7306782635233073,4.415158333053494,69,54.060711145401
304,3.7306782635233073,4.415158333053494,69,54.252238035202026
305,3.7306782635233073,4.415158333053494,69,54.43334770202637
306,3.7306782635233073,4.415158333053494,69,54.61713409423828
307,3.698634317540245,4.448990899627255,69,54.815425872802734
308,3.698634317540245,4.448990899627255,69,55.00823974609375
309,3.698634317540245,4.448990899627255,69,55.18806719779968
310,3.698634317540245,4.448990899627255,69,55.364232301712036
311,3.698634317540245,4.448990899627255,69,55.57274651527405
312,3.707789730678263,4.46616743342624,69,55.75316309928894
313,3.707789730678263,4.46616743342624,69,55.933603048324585
314,3.707789730678263,4.46616743342624,69,56.121155738830566
315,3.707789730678263,4.46616743342624,69,56.26551795005798
316,3.707789730678263,4.46616743342624,69,56.44250774383545
317,3.706569008926527,4.46616743342624,69,56.628785610198975
318,3.706569008926527,4.4968769938547295,69,56.812333822250366
319,3.706569008926527,4.4968769938547295,69,56.98637509346008
320,3.706569008926527,4.4968769938547295,69,57.19247841835022
321,3.706569008926527,4.4968769938547295,69,57.374635219573975
322,3.718776226443884,4.518738036871621,69,57.55176401138306
323,3.718776226443884,4.518738036871621,69,57.73663568496704
324,3.718776226443884,4.518738036871621,69,57.890597105026245
325,3.718776226443884,4.518738036871621,69,58.09066319465637
326,3.718776226443884,4.518738036871621,69,58.27621412277222
327,3.7096208133058663,4.518738036871621,69,58.45933556556702
328,3.7096208133058663,4.559857617784345,69,58.63600707054138
329,3.7096208133058663,4.559857617784345,69,58.78860068321228
330,3.7096208133058663,4.559857617784345,69,58.96371030807495
331,3.7096208133058663,4.559857617784345,69,59.14938950538635
332,3.7206073090714877,4.559857617784345,69,59.32451915740967
333,3.7206073090714877,4.582239161825447,69,59.50343704223633
334,3.7206073090714877,4.582239161825447,69,59.68926429748535
335,3.7206073090714877,4.582239161825447,69,59.867748975753784
336,3.7206073090714877,4.582239161825447,69,60.04597043991089
337,3.7206073090714877,4.582239161825447,69,60.20896577835083
338,3.7135881589990074,4.612948722253937,69,60.37944054603577
339,3.7135881589990074,4.612948722253937,69,60.54577040672302
340,3.7135881589990074,4.612948722253937,69,60.71230125427246
341,3.7135881589990074,4.612948722253937,69,60.882017612457275
342,3.7135881589990074,4.612948722253937,69,61.0654079914093
343,3.7206073090714877,4.612948722253937,69,61.20947551727295
344,3.7206073090714877,4.636891769367675,69,61.36739683151245
345,3.7206073090714877,4.636891769367675,69,61.57438778877258
346,3.7206073090714877,4.636891769367675,69,61.72758650779724
347,3.7206073090714877,4.636891769367675,69,61.93203902244568
348,3.693751430533302,4.636891769367675,69,62.1194748878479
349,3.693751430533302,4.663957822626682,69,62.3200798034668
350,3.693751430533302,4.663957822626682,69,62.49808740615845
351,3.693751430533302,4.663957822626682,69,62.68704700469971
352,3.702601663233386,4.68790086974042,69,63.863290786743164
353,3.698634317540245,4.726938446556297,69,64.04151797294617
354,3.698634317540245,4.726938446556297,69,64.22394752502441
355,3.698634317540245,4.726938446556297,69,64.40025615692139
356,3.698634317540245,4.726938446556297,69,64.5811026096344
357,3.698634317540245,4.726938446556297,69,64.7554874420166
358,3.703517204547188,4.726938446556297,69,64.93576574325562
359,3.703517204547188,4.754525000839517,69,65.11346411705017
360,3.703517204547188,4.754525000839517,69,65.29648280143738
361,3.703517204547188,4.754525000839517,69,65.44656872749329
362,3.703517204547188,4.754525000839517,69,65.62800145149231
363,3.7175555046921485,4.754525000839517,69,65.80864667892456
364,3.7175555046921485,4.776386043856408,69,66.01143169403076
365,3.7175555046921485,4.776386043856408,69,66.19252014160156
366,3.7175555046921485,4.776386043856408,69,66.37342882156372
367,3.7175555046921485,4.776386043856408,69,66.5259861946106
368,3.703517204547188,4.776386043856408,69,66.70421552658081
369,3.703517204547188,4.8039725981396275,69,66.88778901100159
370,3.703517204547188,4.8039725981396275,69,67.06842803955078
371,3.703517204547188,4.8039725981396275,69,67.2482123374939
372,3.703517204547188,4.8039725981396275,69,67.45192360877991
373,3.6876478217746236,4.8039725981396275,69,67.61042332649231
374,3.6876478217746236,4.841448671882869,69,67.78243207931519
375,3.6876478217746236,4.841448671882869,69,67.93879842758179
376,3.6876478217746236,4.841448671882869,69,68.12144756317139
377,3.6876478217746236,4.841448671882869,69,68.29265761375427
378,3.6876478217746236,4.841448671882869,69,68.43205451965332
379,3.7096208133058663,4.841448671882869,69,68.62590527534485
380,3.7096208133058663,4.870076228214512,69,68.8050127029419
381,3.7096208133058663,4.870076228214512,69,68.98892855644226
382,3.7096208133058663,4.870076228214512,69,69.16541576385498
383,3.7096208133058663,4.870076228214512,69,69.3463876247406
384,3.6995498588540467,4.870076228214512,69,69.53184652328491
385,3.6995498588540467,4.896101279425097,69,69.70244431495667
386,3.6995498588540467,4.896101279425097,69,69.88671064376831
387,3.6995498588540467,4.896101279425097,69,70.0678915977478
388,3.6995498588540467,4.896101279425097,69,70.24511432647705
389,3.694666971847104,4.896101279425097,69,70.44550657272339
390,3.694666971847104,4.928372342926222,69,70.63195633888245
391,3.694666971847104,4.928372342926222,69,70.78814959526062
392,3.694666971847104,4.928372342926222,69,70.9688720703125
393,3.694666971847104,4.928372342926222,69,71.1191337108612
394,3.718776226443884,4.928372342926222,69,71.32229924201965
395,3.718776226443884,4.947110379797842,69,71.47905468940735
396,3.718776226443884,4.947110379797842,69,71.69217205047607
397,3.718776226443884,4.947110379797842,69,71.86253762245178
398,3.718776226443884,4.947110379797842,69,72.02921652793884
399,3.6995498588540467,4.947110379797842,69,72.19701743125916
400,3.6995498588540467,4.984586453541084,69,72.37520670890808
401,3.6995498588540467,4.984586453541084,69,72.55353236198425
402,3.6995498588540467,4.984586453541084,69,72.73625874519348
403,3.6995498588540467,4.984586453541084,69,72.9203782081604
404,3.6995498588540467,4.984586453541084,69,73.09599995613098
405,3.6995498588540467,5.013734510896939,69,73.27637767791748
406,3.6995498588540467,5.013734510896939,69,73.46166157722473
407,3.6995498588540467,5.013734510896939,69,73.63867735862732
408,3.6995498588540467,5.013734510896939,69,73.8222086429596
409,3.6995498588540467,5.013734510896939,69,74.00571608543396
410,3.690699626153963,5.0340340508411945,69,74.18302750587463
411,3.690699626153963,5.0340340508411945,69,74.35684990882874
412,3.690699626153963,5.0340340508411945,69,74.54372763633728
413,3.690699626153963,5.0340340508411945,69,74.75022554397583
414,3.706569008926527,5.0340340508411945,69,74.95384073257446
415,3.706569008926527,5.059538601027568,69,75.13615536689758
416,3.706569008926527,5.059538601027568,69,75.32431316375732
417,3.706569008926527,5.059538601027568,69,75.4992425441742
418,3.706569008926527,5.059538601027568,69,75.67944765090942
419,3.706569008926527,5.059538601027568,69,75.83750414848328
420,3.7254901960784306,5.093891668625539,69,76.0100314617157
421,3.7254901960784306,5.093891668625539,69,76.18708610534668
422,3.7254901960784306,5.093891668625539,69,76.35124468803406
423,3.7254901960784306,5.093891668625539,69,76.52223634719849
424,3.7254901960784306,5.093891668625539,69,76.70236945152283
425,3.694666971847104,5.093891668625539,69,76.87930178642273
426,3.694666971847104,5.1209577218845475,69,77.06533193588257
427,3.694666971847104,5.1209577218845475,69,77.24438095092773
428,3.694666971847104,5.1209577218845475,69,77.4493305683136
429,3.694666971847104,5.1209577218845475,69,77.6362566947937
430,3.707789730678263,5.153228785385672,69,77.83628535270691
431,3.707789730678263,5.153228785385672,69,78.02450180053711
432,3.707789730678263,5.153228785385672,69,78.2057569026947
433,3.707789730678263,5.153228785385672,69,78.4086434841156
434,3.707789730678263,5.153228785385672,69,78.61641550064087
435,3.702601663233386,5.195909869371031,69,78.7727062702179
436,3.702601663233386,5.195909869371031,69,78.9780387878418
437,3.702601663233386,5.195909869371031,69,79.15601348876953
438,3.702601663233386,5.195909869371031,69,79.34275317192078
439,3.702601663233386,5.195909869371031,69,79.52144408226013
440,3.7056534676127253,5.218291413412134,69,79.69935345649719
441,3.7056534676127253,5.218291413412134,69,79.90053582191467
442,3.7056534676127253,5.218291413412134,69,80.08901524543762
443,3.7056534676127253,5.218291413412134,69,80.26707601547241
444,3.7056534676127253,5.218291413412134,69,80.42648720741272
445,3.706569008926527,5.218291413412134,69,80.59350776672363
446,3.706569008926527,5.245357466671145,69,80.77243661880493
447,3.706569008926527,5.245357466671145,69,80.95203375816345
448,3.706569008926527,5.245357466671145,69,81.11050724983215
449,3.706569008926527,5.245357466671145,69,81.28138303756714
450,3.697718776226443,5.245357466671145,69,81.46544861793518
451,3.697718776226443,5.284915544511233,69,81.64832425117493
452,3.697718776226443,5.284915544511233,69,81.83835482597351
453,3.697718776226443,5.284915544511233,69,82.00064444541931
454,3.697718776226443,5.284915544511233,69,82.15347838401794
455,3.7016861219195842,5.284915544511233,69,82.35186457633972
456,3.7016861219195842,5.306776587528124,69,82.51239347457886
457,3.7016861219195842,5.306776587528124,69,82.68667197227478
458,3.7016861219195842,5.306776587528124,69,82.87182784080505
459,3.7016861219195842,5.306776587528124,69,83.04673862457275
460,3.7016861219195842,5.306776587528124,69,83.2014627456665
461,3.714503700312809,5.342691158198731,69,83.37639665603638
462,3.714503700312809,5.342691158198731,69,83.53970313072205
463,3.714503700312809,5.342691158198731,69,83.71032953262329
464,3.714503700312809,5.342691158198731,69,83.86253046989441
465,3.714503700312809,5.342691158198731,69,84.04639220237732
466,3.703517204547188,5.342691158198731,69,84.22780632972717
467,3.703517204547188,5.3681957083851035,69,84.39871215820312
468,3.703517204547188,5.3681957083851035,69,84.55242013931274
469,3.703517204547188,5.3681957083851035,69,84.73356866836548
470,3.703517204547188,5.3681957083851035,69,84.88707256317139
471,3.703517204547188,5.3681957083851035,69,85.05405926704407
472,3.7215228503852895,5.390577252426207,69,85.20546960830688
473,3.7215228503852895,5.390577252426207,69,85.39153909683228
474,3.7215228503852895,5.390577252426207,69,85.57515239715576
475,3.7215228503852895,5.390577252426207,69,85.75132322311401
476,3.7215228503852895,5.390577252426207,69,85.92541694641113
477,3.714503700312809,5.390577252426207,69,86.10029721260071
478,3.714503700312809,5.412438295443097,69,86.24354076385498
479,3.714503700312809,5.412438295443097,69,86.4330461025238
480,3.714503700312809,5.412438295443097,69,86.62045812606812
481,3.714503700312809,5.412438295443097,69,86.77841925621033
482,3.710536354619668,5.412438295443097,69,86.94772434234619
483,3.710536354619668,5.460324389670573,69,87.10529208183289
484,3.710536354619668,5.460324389670573,69,87.2744870185852
485,3.710536354619668,5.460324389670573,69,87.45895195007324
486,3.710536354619668,5.460324389670573,69,87.63719630241394
487,3.710536354619668,5.460324389670573,69,87.79408645629883
488,3.715724422064545,5.487910943953793,69,87.96574211120605
489,3.715724422064545,5.487910943953793,69,88.15251874923706
490,3.715724422064545,5.487910943953793,69,88.32933926582336
491,3.715724422064545,5.487910943953793,69,88.50404763221741
492,3.715724422064545,5.487910943953793,69,88.66641306877136
493,3.697718776226443,5.487910943953793,69,88.8193588256836
494,3.697718776226443,5.513415494140165,69,89.00046372413635
495,3.697718776226443,5.513415494140165,69,89.16964292526245
496,3.697718776226443,5.513415494140165,69,89.33542513847351
497,3.697718776226443,5.513415494140165,69,89.5064651966095
498,3.697718776226443,5.513415494140165,69,89.66539716720581
499,3.7126726176852056,5.547248060713925,69,89.83552885055542
500,3.7126726176852056,5.547248060713925,69,90.01139450073242
501,3.7126726176852056,5.547248060713925,69,90.17086124420166
502,3.7126726176852056,5.547248060713925,69,90.37498998641968
503,3.7126726176852056,5.547248060713925,69,90.52940201759338
504,3.697718776226443,5.547248060713925,69,90.70998287200928
505,3.697718776226443,5.571191107827663,69,90.88244533538818
506,3.697718776226443,5.571191107827663,69,91.03639554977417
507,3.697718776226443,5.571191107827663,69,91.20995688438416
508,3.697718776226443,5.571191107827663,69,91.36999773979187
509,3.702601663233386,5.571191107827663,69,91.54476523399353
510,3.702601663233386,5.6003391651835175,69,91.73041105270386
511,3.702601663233386,5.6003391651835175,69,91.90453219413757
512,3.702601663233386,5.6003391651835175,69,92.06030511856079
513,3.702601663233386,5.6003391651835175,69,92.23653888702393
514,3.702601663233386,5.6003391651835175,69,92.41801285743713
515,3.7007705806057825,5.6206387051277735,69,92.59182500839233
516,3.7007705806057825,5.6206387051277735,69,92.79912662506104
517,3.7007705806057825,5.6206387051277735,69,92.99002861976624
518,3.7007705806057825,5.6206387051277735,69,93.13396859169006
519,3.7007705806057825,5.6206387051277735,69,93.29208087921143
520,3.697718776226443,5.6206387051277735,69,93.49370574951172
521,3.697718776226443,5.643020249168877,69,93.66851425170898
522,3.697718776226443,5.643020249168877,69,93.82929396629333
523,3.697718776226443,5.643020249168877,69,94.00396585464478
524,3.697718776226443,5.643020249168877,69,94.15551543235779
525,3.690699626153963,5.643020249168877,69,94.33077549934387
526,3.690699626153963,5.676852815742636,69,94.53890228271484
527,3.690699626153963,5.676852815742636,69,94.70354151725769
528,3.690699626153963,5.676852815742636,69,94.87469720840454
529,3.690699626153963,5.676852815742636,69,95.05653119087219
530,3.690699626153963,5.676852815742636,69,95.24044609069824
531,3.685511558709086,5.700795862856374,69,95.40786480903625
532,3.685511558709086,5.700795862856374,69,95.59492874145508
533,3.685511558709086,5.700795862856374,69,95.7496018409729
534,3.685511558709086,5.700795862856374,69,95.9563958644867
535,3.685511558709086,5.700795862856374,69,96.1325478553772
536,3.693751430533302,5.738271936599616,69,96.31042909622192
537,3.693751430533302,5.738271936599616,69,96.46664786338806
538,3.693751430533302,5.738271936599616,69,96.64504766464233
539,3.693751430533302,5.738271936599616,69,96.8204915523529
540,3.693751430533302,5.738271936599616,69,96.98277068138123
541,3.7007705806057825,5.738271936599616,69,97.17921471595764
542,3.7007705806057825,5.772625004197588,69,97.34490537643433
543,3.7007705806057825,5.772625004197588,69,97.53767204284668
544,3.7007705806057825,5.772625004197588,69,97.72703003883362
545,3.7007705806057825,5.772625004197588,69,97.90248084068298
546,3.6955825131609057,5.772625004197588,69,98.06269693374634
547,3.6955825131609057,5.801773061553442,69,98.26360869407654
548,3.6955825131609057,5.801773061553442,69,98.44464707374573
549,3.6955825131609057,5.801773061553442,69,98.59950971603394
550,3.6955825131609057,5.801773061553442,69,98.8012421131134
551,3.690699626153963,5.801773061553442,69,98.9838035106659
552,3.690699626153963,5.823634104570333,69,99.17238092422485
553,3.690699626153963,5.823634104570333,69,99.37565016746521
554,3.690699626153963,5.823634104570333,69,99.5363392829895
555,3.690699626153963,5.823634104570333,69,99.70347213745117
556,3.6745250629434647,5.823634104570333,69,99.88971376419067
557,3.6745250629434647,5.861110178313575,69,100.03878021240234
558,3.6745250629434647,5.861110178313575,69,100.21402716636658
559,3.6745250629434647,5.861110178313575,69,100.37388348579407
560,3.6745250629434647,5.861110178313575,69,100.57317996025085
561,3.6925307087815664,5.861110178313575,69,100.76272821426392
562,3.6925307087815664,5.883491722354678,69,100.94543814659119
563,3.6925307087815664,5.883491722354678,69,101.14021754264832
564,3.6925307087815664,5.883491722354678,69,101.32274532318115
565,3.6925307087815664,5.883491722354678,69,101.4815423488617
566,3.6925307087815664,5.883491722354678,69,101.66319394111633
567,3.677576867322804,5.90899627254105,69,101.83169794082642
568,3.677576867322804,5.90899627254105,69,102.01617622375488
569,3.677576867322804,5.90899627254105,69,102.18145108222961
570,3.677576867322804,5.90899627254105,69,102.35006475448608
571,3.677576867322804,5.90899627254105,69,102.5271692276001
572,3.655603875791561,5.90899627254105,69,102.6740894317627
573,3.655603875791561,5.944910843211657,69,102.85351014137268
574,3.655603875791561,5.944910843211657,69,103.03780055046082
575,3.655603875791561,5.944910843211657,69,103.21586394309998
576,3.655603875791561,5.944910843211657,69,103.39864611625671
577,3.689784084840161,5.944910843211657,69,103.5735867023468
578,3.689784084840161,5.963648880083278,69,103.76340842247009
579,3.689784084840161,5.963648880083278,69,103.9391393661499
580,3.689784084840161,5.963648880083278,69,104.12110996246338
581,3.689784084840161,5.963648880083278,69,104.29656910896301
582,3.711757076371404,5.963648880083278,69,104.45593667030334
583,3.711757076371404,5.999563450753884,69,104.65544033050537
584,3.711757076371404,5.999563450753884,69,104.8403799533844
585,3.711757076371404,5.999563450753884,69,105.0155234336853
586,3.711757076371404,5.999563450753884,69,105.2024154663086
587,3.7206073090714877,5.999563450753884,69,105.3898389339447
588,3.7206073090714877,6.0266295040128925,69,105.55688858032227
589,3.7206073090714877,6.0266295040128925,69,105.7352921962738
590,3.7206073090714877,6.0266295040128925,69,105.89434361457825
591,3.7206073090714877,6.0266295040128925,69,106.07909679412842
592,3.7206073090714877,6.0266295040128925,69,106.27239060401917
593,3.7096208133058663,6.0589005675140175,69,106.4544289112091
594,3.7096208133058663,6.0589005675140175,69,106.58947443962097
595,3.7096208133058663,6.0589005675140175,69,106.78958988189697
596,3.7096208133058663,6.0589005675140175,69,106.97376894950867
597,3.7096208133058663,6.0589005675140175,69,107.15453028678894
598,3.706569008926527,6.0812821115551206,69,107.35850548744202
599,3.706569008926527,6.0812821115551206,69,107.51259684562683
600,3.706569008926527,6.0812821115551206,69,107.68949222564697
601,3.706569008926527,6.0812821115551206,69,107.86993098258972
602,3.706569008926527,6.0812821115551206,69,108.07495021820068
603,3.702601663233386,6.108348164814132,69,108.258056640625
604,3.702601663233386,6.108348164814132,69,108.41797733306885
605,3.702601663233386,6.108348164814132,69,108.58444404602051
606,3.702601663233386,6.108348164814132,69,108.76282715797424
607,3.702601663233386,6.108348164814132,69,108.94610953330994
608,3.707789730678263,6.108348164814132,69,109.12997508049011
609,3.707789730678263,6.139057725242621,69,109.30501317977905
610,3.707789730678263,6.139057725242621,69,109.48247599601746
611,3.707789730678263,6.139057725242621,69,109.6710774898529
612,3.707789730678263,6.139057725242621,69,109.87285113334656
613,3.714503700312809,6.139057725242621,69,110.03169989585876
614,3.714503700312809,6.173410792840593,69,110.20740962028503
615,3.714503700312809,6.173410792840593,69,110.38917374610901
616,3.714503700312809,6.173410792840593,69,110.56841707229614
617,3.714503700312809,6.173410792840593,69,110.72225069999695
618,3.7206073090714877,6.173410792840593,69,110.90335130691528
619,3.7206073090714877,6.18173880922798,69,111.10333800315857
620,3.7206073090714877,6.18173880922798,69,111.28943419456482
621,3.7206073090714877,6.18173880922798,69,111.46641206741333
622,3.7206073090714877,6.18173880922798,69,111.66203761100769
623,3.7047379262989235,6.18173880922798,69,111.83317518234253
624,3.7047379262989235,6.216091876825951,69,112.02435851097107
625,3.7047379262989235,6.216091876825951,69,112.2152647972107
626,3.7047379262989235,6.216091876825951,69,112.37267065048218
627,3.7047379262989235,6.216091876825951,69,112.55151534080505
628,3.7047379262989235,6.216091876825951,69,112.7259271144867
629,3.7126726176852056,6.26189596695658,69,112.90585947036743
630,3.7126726176852056,6.26189596695658,69,113.09409976005554
631,3.7126726176852056,6.26189596695658,69,113.27547764778137
632,3.7126726176852056,6.26189596695658,69,113.45054697990417
633,3.7126726176852056,6.26189596695658,69,113.60555458068848
634,3.714503700312809,6.282716007925048,69,113.77694797515869
635,3.714503700312809,6.282716007925048,69,113.95976305007935
636,3.714503700312809,6.282716007925048,69,114.14407348632812
637,3.714503700312809,6.282716007925048,69,114.29443144798279
638,3.714503700312809,6.282716007925048,69,114.50879836082458
639,3.7215228503852895,6.309782061184055,69,114.68613028526306
640,3.7215228503852895,6.309782061184055,69,114.88522481918335
641,3.7215228503852895,6.309782061184055,69,115.07489585876465
642,3.7215228503852895,6.309782061184055,69,115.25099658966064
643,3.7215228503852895,6.309782061184055,69,115.39464473724365
644,3.727626459143968,6.309782061184055,69,115.5474922657013
645,3.727626459143968,6.3404916216125455,69,115.72542381286621
646,3.727626459143968,6.3404916216125455,69,115.88435244560242
647,3.727626459143968,6.3404916216125455,69,116.08401560783386
648,3.727626459143968,6.3404916216125455,69,116.21713066101074
649,3.7135881589990074,6.3404916216125455,69,116.38744592666626
650,3.7135881589990074,6.362873165653648,69,116.56889963150024
651,3.7135881589990074,6.362873165653648,69,116.74182915687561
652,3.7135881589990074,6.362873165653648,69,116.92537832260132
653,3.7135881589990074,6.362873165653648,69,117.12207555770874
654,3.715724422064545,6.362873165653648,69,117.31691765785217
655,3.715724422064545,6.386295711743174,69,117.5158257484436
656,3.715724422064545,6.386295711743174,69,117.7095034122467
657,3.715724422064545,6.386295711743174,69,117.85090780258179
658,3.715724422064545,6.386295711743174,69,118.03834295272827
659,3.715724422064545,6.386295711743174,69,118.21936225891113
660,3.6925307087815664,6.410238758856912,69,118.39450907707214
661,3.6925307087815664,6.410238758856912,69,118.60218405723572
662,3.6925307087815664,6.410238758856912,69,118.78306913375854
663,3.6925307087815664,6.410238758856912,69,118.94205784797668
664,3.6925307087815664,6.410238758856912,69,119.11985325813293
665,3.6546883344777594,6.440948319285401,69,119.29323053359985
666,3.6546883344777594,6.440948319285401,69,119.47333073616028
667,3.6546883344777594,6.440948319285401,69,119.66170120239258
668,3.6546883344777594,6.440948319285401,69,119.81242752075195
669,3.6546883344777594,6.440948319285401,69,119.99421787261963
670,3.731593804837109,6.440948319285401,69,120.17564940452576
671,3.731593804837109,6.475301386883373,69,120.32551217079163
672,3.731593804837109,6.475301386883373,69,120.50349521636963
673,3.731593804837109,6.475301386883373,69,120.6962263584137
674,3.731593804837109,6.475301386883373,69,120.8615415096283
675,3.7297627222095056,6.475301386883373,69,121.02409267425537
676,3.7297627222095056,6.499244433997111,69,121.18188834190369
677,3.7297627222095056,6.499244433997111,69,121.37492561340332
678,3.7297627222095056,6.499244433997111,69,121.54909133911133
679,3.7297627222095056,6.499244433997111,69,121.73006296157837
680,3.7297627222095056,6.499244433997111,69,121.91048669815063
681,3.7175555046921485,6.527871990328754,69,122.08673906326294
682,3.7175555046921485,6.527871990328754,69,122.27151823043823
683,3.7175555046921485,6.527871990328754,69,122.47901654243469
684,3.7175555046921485,6.527871990328754,69,122.66441059112549
685,3.7175555046921485,6.527871990328754,69,122.84373021125793
686,3.7175555046921485,6.563786560999361,69,123.01909756660461
687,3.7175555046921485,6.563786560999361,69,123.21770548820496
688,3.7175555046921485,6.563786560999361,69,123.3798987865448
689,3.7175555046921485,6.563786560999361,69,123.57161498069763
690,3.7175555046921485,6.563786560999361,69,123.73795318603516
691,3.7346456092164484,6.586168105040463,69,123.92131662368774
692,3.7346456092164484,6.586168105040463,69,124.09354519844055
693,3.7346456092164484,6.586168105040463,69,124.27177047729492
694,3.7346456092164484,6.586168105040463,69,124.45145559310913
695,3.7346456092164484,6.586168105040463,69,124.62660717964172
696,3.727626459143968,6.611672655226837,69,124.81286382675171
697,3.727626459143968,6.611672655226837,69,124.9933648109436
698,3.727626459143968,6.611672655226837,69,125.17232489585876
699,3.727626459143968,6.611672655226837,69,125.3544237613678
700,3.727626459143968,6.611672655226837,69,125.52096557617188
701,3.7215228503852895,6.611672655226837,69,125.71851992607117
702,3.7215228503852895,6.646025722824808,69,125.90362405776978
703,3.7215228503852895,6.646025722824808,69,126.05119323730469
704,3.7215228503852895,6.646025722824808,69,126.22660732269287
705,3.7215228503852895,6.646025722824808,69,126.38211393356323
706,3.7215228503852895,6.646025722824808,69,126.52652406692505
707,3.715724422064545,6.646025722824808,69,126.6732919216156
708,3.715724422064545,6.6694482689143335,69,126.87041687965393
709,3.715724422064545,6.6694482689143335,69,127.038889169693
710,3.715724422064545,6.6694482689143335,69,127.21172213554382
711,3.715724422064545,6.6694482689143335,69,127.40097761154175
712,3.7096208133058663,6.697034823197553,69,127.58014154434204
713,3.7096208133058663,6.697034823197553,69,127.75848412513733
714,3.7096208133058663,6.697034823197553,69,127.93335294723511
715,3.7096208133058663,6.697034823197553,69,128.14088988304138
716,3.7096208133058663,6.697034823197553,69,128.32346773147583
717,3.706569008926527,6.697034823197553,69,128.50685238838196
718,3.706569008926527,6.7241008764565615,69,128.68096947669983
719,3.706569008926527,6.7241008764565615,69,128.8664355278015
720,3.706569008926527,6.7241008764565615,69,129.022531747818
721,3.706569008926527,6.7241008764565615,69,129.18486166000366
722,3.727626459143968,6.7241008764565615,69,129.3753046989441
723,3.727626459143968,6.748043923570299,69,129.55433773994446
724,3.727626459143968,6.748043923570299,69,129.73555159568787
725,3.727626459143968,6.748043923570299,69,129.91510820388794
726,3.727626459143968,6.748043923570299,69,130.10001754760742
727,3.723659113450827,6.748043923570299,69,130.2799413204193
728,3.723659113450827,6.782396991168271,69,130.46185517311096
729,3.723659113450827,6.782396991168271,69,130.63405323028564
730,3.723659113450827,6.782396991168271,69,130.81320452690125
731,3.723659113450827,6.782396991168271,69,130.99683237075806
732,3.7346456092164484,6.782396991168271,69,131.17747330665588
733,3.7346456092164484,6.811024547499914,69,131.35417246818542
734,3.7346456092164484,6.811024547499914,69,131.53711891174316
735,3.7346456092164484,6.811024547499914,69,131.7150604724884
736,3.7346456092164484,6.811024547499914,69,131.89526844024658
737,3.7346456092164484,6.811024547499914,69,132.05751299858093
738,3.6806286717021433,6.840172604855768,69,132.22236108779907
739,3.6806286717021433,6.840172604855768,69,132.40132522583008
740,3.6806286717021433,6.840172604855768,69,132.59055995941162
741,3.6806286717021433,6.840172604855768,69,132.7944130897522
742,3.6806286717021433,6.840172604855768,69,132.9814636707306
743,3.6995498588540467,6.860472144800024,69,133.11998391151428
744,3.6995498588540467,6.860472144800024,69,133.30700016021729
745,3.6995498588540467,6.860472144800024,69,133.48952627182007
746,3.6995498588540467,6.860472144800024,69,133.66639876365662
747,3.6995498588540467,6.860472144800024,69,133.86996746063232
748,3.711757076371404,6.888058699083244,69,134.05028200149536
749,3.711757076371404,6.888058699083244,69,134.2397267818451
750,3.711757076371404,6.888058699083244,69,134.4383203983307
751,3.711757076371404,6.888058699083244,69,134.61464381217957
752,3.711757076371404,6.888058699083244,69,134.77504539489746
753,3.6806286717021433,6.888058699083244,69,134.95226120948792
754,3.6806286717021433,6.918768259511734,69,135.11222100257874
755,3.6806286717021433,6.918768259511734,69,135.2912003993988
756,3.6806286717021433,6.918768259511734,69,135.47280311584473
757,3.6806286717021433,6.918768259511734,69,135.6499719619751
758,3.7306782635233073,6.918768259511734,69,135.82950067520142
759,3.7306782635233073,6.952600826085497,69,136.01297163963318
760,3.7306782635233073,6.952600826085497,69,136.18816900253296
761,3.7306782635233073,6.952600826085497,69,136.37284135818481
762,3.7306782635233073,6.952600826085497,69,136.52543210983276
763,3.7386129549095894,6.952600826085497,69,136.7034125328064
764,3.7386129549095894,6.97810537627187,69,136.86442756652832
765,3.7386129549095894,6.97810537627187,69,137.05698609352112
766,3.7386129549095894,6.97810537627187,69,137.24036312103271
767,3.7386129549095894,6.97810537627187,69,137.4200460910797
768,3.7386129549095894,6.97810537627187,69,137.59673738479614
769,3.7267109178301663,7.002048423385608,69,137.77547883987427
770,3.7267109178301663,7.002048423385608,69,137.95465087890625
771,3.7267109178301663,7.002048423385608,69,138.1379017829895
772,3.7267109178301663,7.002048423385608,69,138.3124485015869
773,3.7267109178301663,7.002048423385608,69,138.5204963684082
774,3.711757076371404,7.032757983814097,69,138.71055626869202
775,3.711757076371404,7.032757983814097,69,138.89038729667664
776,3.711757076371404,7.032757983814097,69,139.06357789039612
777,3.711757076371404,7.032757983814097,69,139.249609708786
778,3.711757076371404,7.032757983814097,69,139.42347979545593
779,3.702601663233386,7.032757983814097,69,139.60044312477112
780,3.702601663233386,7.0551395278552,69,139.7775378227234
781,3.702601663233386,7.0551395278552,69,139.96898770332336
782,3.702601663233386,7.0551395278552,69,140.145747423172
783,3.702601663233386,7.0551395278552,69,140.33035349845886
784,3.6925307087815664,7.0551395278552,69,140.51538038253784
785,3.6925307087815664,7.080644078041573,69,140.7305886745453
786,3.6925307087815664,7.080644078041573,69,140.92247819900513
787,3.6925307087815664,7.080644078041573,69,141.10364031791687
788,3.6925307087815664,7.080644078041573,69,141.25255036354065
789,3.698634317540245,7.080644078041573,69,141.43568992614746
790,3.698634317540245,7.118120151784815,69,141.6126914024353
791,3.698634317540245,7.118120151784815,69,141.81914639472961
792,3.698634317540245,7.118120151784815,69,142.0045666694641
793,3.698634317540245,7.118120151784815,69,142.18984007835388
794,3.7047379262989235,7.118120151784815,69,142.3585605621338
795,3.7047379262989235,7.1352966855838,69,142.51940774917603
796,3.7047379262989235,7.1352966855838,69,142.7010476589203
797,3.7047379262989235,7.1352966855838,69,142.88366103172302
798,3.7047379262989235,7.1352966855838,69,143.08459973335266
799,3.723659113450827,7.1352966855838,69,143.27178120613098
800,3.723659113450827,7.166006246012291,69,143.47148871421814
801,3.723659113450827,7.166006246012291,69,143.6310966014862
802,3.723659113450827,7.166006246012291,69,143.81209897994995
803,3.723659113450827,7.166006246012291,69,143.9938039779663
804,3.714503700312809,7.166006246012291,69,144.19242191314697
805,3.714503700312809,7.193072299271298,69,144.3831262588501
806,3.714503700312809,7.193072299271298,69,144.53232860565186
807,3.714503700312809,7.193072299271298,69,144.7145335674286
808,3.714503700312809,7.193072299271298,69,144.8855321407318
809,3.727626459143968,7.193072299271298,69,145.06974697113037
810,3.727626459143968,7.215453843312401,69,145.24723935127258
811,3.727626459143968,7.215453843312401,69,145.45372676849365
812,3.727626459143968,7.215453843312401,69,145.63776874542236
813,3.727626459143968,7.215453843312401,69,145.84536290168762
814,3.702601663233386,7.215453843312401,69,146.03334856033325
815,3.702601663233386,7.246163403740891,69,146.23332118988037
816,3.702601663233386,7.246163403740891,69,146.3830530643463
817,3.702601663233386,7.246163403740891,69,146.5809681415558
818,3.702601663233386,7.246163403740891,69,146.7734820842743
819,3.7087052719920646,7.246163403740891,69,146.9567894935608
820,3.7087052719920646,7.271667953927263,69,147.1402394771576
821,3.7087052719920646,7.271667953927263,69,147.31719136238098
822,3.7087052719920646,7.271667953927263,69,147.52165579795837
823,3.7087052719920646,7.271667953927263,69,147.71036052703857
824,3.7016861219195842,7.271667953927263,69,147.89121890068054
825,3.7016861219195842,7.294049497968366,69,148.0674180984497
826,3.7016861219195842,7.294049497968366,69,148.22096037864685
827,3.7016861219195842,7.294049497968366,69,148.36084604263306
828,3.7016861219195842,7.294049497968366,69,148.51991438865662
829,3.710536354619668,7.294049497968366,69,148.72044801712036
830,3.710536354619668,7.322677054300009,69,148.90807056427002
831,3.710536354619668,7.322677054300009,69,149.08858060836792
832,3.710536354619668,7.322677054300009,69,149.26819467544556
833,3.710536354619668,7.322677054300009,69,149.4414999485016
834,3.710536354619668,7.322677054300009,69,149.6245095729828
835,3.723659113450827,7.355468618825346,69,149.7844307422638
836,3.723659113450827,7.355468618825346,69,149.93417143821716
837,3.723659113450827,7.355468618825346,69,150.11320328712463
838,3.723659113450827,7.355468618825346,69,150.28939986228943
839,3.723659113450827,7.355468618825346,69,150.46752405166626
840,3.723659113450827,7.355468618825346,69,150.6466772556305
841,3.723659113450827,7.370563148527484,69,150.8271243572235
842,3.723659113450827,7.370563148527484,69,151.0133011341095
843,3.723659113450827,7.370563148527484,69,151.20065307617188
844,3.723659113450827,7.370563148527484,69,151.3717679977417
845,3.732509346150911,7.370563148527484,69,151.57342004776
846,3.732509346150911,7.398149702810704,69,151.75544571876526
847,3.732509346150911,7.398149702810704,69,151.94021320343018
848,3.732509346150911,7.398149702810704,69,152.11693739891052
849,3.732509346150911,7.398149702810704,69,152.2993655204773
850,3.697718776226443,7.398149702810704,69,152.47608542442322
851,3.697718776226443,7.426777259142348,69,152.66042685508728
852,3.697718776226443,7.426777259142348,69,152.84246373176575
853,3.697718776226443,7.426777259142348,69,153.04192066192627
854,3.697718776226443,7.426777259142348,69,153.21608090400696
855,3.7306782635233073,7.426777259142348,69,153.40743207931519
856,3.7306782635233073,7.4559253164982024,69,153.58970594406128
857,3.7306782635233073,7.4559253164982024,69,153.767404794693
858,3.7306782635233073,7.4559253164982024,69,153.94947052001953
859,3.7306782635233073,7.4559253164982024,69,154.12557244300842
860,3.706569008926527,7.4559253164982024,69,154.30451345443726
861,3.706569008926527,7.481429866684575,69,154.4880588054657
862,3.706569008926527,7.481429866684575,69,154.6678764820099
863,3.706569008926527,7.481429866684575,69,154.87136936187744
864,3.706569008926527,7.481429866684575,69,155.0534839630127
865,3.731593804837109,7.481429866684575,69,155.21747756004333
866,3.731593804837109,7.506934416870948,69,155.41078400611877
867,3.731593804837109,7.506934416870948,69,155.57039427757263
868,3.731593804837109,7.506934416870948,69,155.7480549812317
869,3.731593804837109,7.506934416870948,69,155.95324778556824
870,3.723659113450827,7.506934416870948,69,156.13673448562622
871,3.723659113450827,7.536082474226802,69,156.31944012641907
872,3.723659113450827,7.536082474226802,69,156.5027093887329
873,3.723659113450827,7.536082474226802,69,156.69775390625
874,3.723659113450827,7.536082474226802,69,156.8599033355713
875,3.7175555046921485,7.536082474226802,69,157.0373249053955
876,3.7175555046921485,7.561587024413175,69,157.2197780609131
877,3.7175555046921485,7.561587024413175,69,157.40238761901855
878,3.7175555046921485,7.561587024413175,69,157.57786560058594
879,3.7175555046921485,7.561587024413175,69,157.73545670509338
880,3.7175555046921485,7.561587024413175,69,157.9137499332428
881,3.6507209887846184,7.593858087914301,69,158.08984994888306
882,3.6507209887846184,7.593858087914301,69,158.2707347869873
883,3.6507209887846184,7.593858087914301,69,158.42049288749695
884,3.6507209887846184,7.593858087914301,69,158.60345458984375
885,3.6507209887846184,7.593858087914301,69,158.77865505218506
886,3.669642175936522,7.593858087914301,69,158.9564504623413
887,3.669642175936522,7.605829611471169,69,159.13610339164734
888,3.669642175936522,7.605829611471169,69,159.31840562820435
889,3.669642175936522,7.605829611471169,69,159.49759435653687
890,3.669642175936522,7.605829611471169,69,159.69557309150696
891,3.6827649347676807,7.605829611471169,69,159.89131093025208
892,3.6827649347676807,7.6537157056986445,69,160.06952691078186
893,3.6827649347676807,7.6537157056986445,69,160.2490246295929
894,3.6827649347676807,7.6537157056986445,69,160.43230152130127
895,3.6827649347676807,7.6537157056986445,69,160.6137239933014
896,3.7016861219195842,7.6537157056986445,69,160.79455661773682
897,3.7016861219195842,7.670892239497631,69,160.97039651870728
898,3.7016861219195842,7.670892239497631,69,161.15138626098633
899,3.7016861219195842,7.670892239497631,69,161.33538937568665
900,3.7016861219195842,7.670892239497631,69,161.5108621120453
901,3.685511558709086,7.670892239497631,69,161.691424369812
902,3.685511558709086,7.694835286611369,69,161.87976574897766
903,3.685511558709086,7.694835286611369,69,162.0656509399414
904,3.685511558709086,7.694835286611369,69,162.25601410865784
905,3.685511558709086,7.694835286611369,69,162.432391166687
906,3.669642175936522,7.694835286611369,69,162.614173412323
907,3.669642175936522,7.725544847039858,69,162.790274143219
908,3.669642175936522,7.725544847039858,69,162.97538948059082
909,3.669642175936522,7.725544847039858,69,163.14940428733826
910,3.669642175936522,7.725544847039858,69,163.33792304992676
911,3.7087052719920646,7.725544847039858,69,163.51540207862854
912,3.7087052719920646,7.737516370596727,69,163.6967008113861
913,3.7087052719920646,7.737516370596727,69,163.87273359298706
914,3.7087052719920646,7.737516370596727,69,164.05601811408997
915,3.7087052719920646,7.737516370596727,69,164.23545002937317
916,3.6705577172503236,7.737516370596727,69,164.41441249847412
917,3.6705577172503236,7.771348937170487,69,164.56976413726807
918,3.6705577172503236,7.771348937170487,69,164.74480557441711
919,3.6705577172503236,7.771348937170487,69,164.9195339679718
920,3.6705577172503236,7.771348937170487,69,165.1110405921936
921,3.6705577172503236,7.771348937170487,69,165.260826587677
922,3.6675059128709844,7.808825010913732,69,165.4307825565338
923,3.6675059128709844,7.808825010913732,69,165.61441779136658
924,3.6675059128709844,7.808825010913732,69,165.78891515731812
925,3.6675059128709844,7.808825010913732,69,165.96477675437927
926,3.6675059128709844,7.808825010913732,69,166.15901398658752
927,3.707789730678263,7.8244400416400826,69,166.36065006256104
928,3.707789730678263,7.8244400416400826,69,166.53219652175903
929,3.707789730678263,7.8244400416400826,69,166.71645832061768
930,3.707789730678263,7.8244400416400826,69,166.9001340866089
931,3.707789730678263,7.8244400416400826,69,167.0602307319641
932,3.6845960173952843,7.8244400416400826,69,167.23424363136292
933,3.6845960173952843,7.856711105141207,69,167.41783809661865
934,3.6845960173952843,7.856711105141207,69,167.61425805091858
935,3.6845960173952843,7.856711105141207,69,167.7794132232666
936,3.6845960173952843,7.856711105141207,69,167.95246267318726
937,3.6876478217746236,7.856711105141207,69,168.13678622245789
938,3.6876478217746236,7.875449142012828,69,168.30094575881958
939,3.6876478217746236,7.875449142012828,69,168.4939157962799
940,3.6876478217746236,7.875449142012828,69,168.6667995452881
941,3.6876478217746236,7.875449142012828,69,168.8263919353485
942,3.7007705806057825,7.875449142012828,69,169.00231981277466
943,3.7007705806057825,7.897830686053931,69,169.17720365524292
944,3.7007705806057825,7.897830686053931,69,169.36097526550293
945,3.7007705806057825,7.897830686053931,69,169.544438123703
946,3.7007705806057825,7.897830686053931,69,169.71953296661377
947,3.7007705806057825,7.897830686053931,69,169.90438175201416
948,3.7386129549095894,7.926458242385573,69,170.06953525543213
949,3.7386129549095894,7.926458242385573,69,170.2634699344635
950,3.7386129549095894,7.926458242385573,69,170.44333481788635
951,3.7386129549095894,7.926458242385573,69,170.62298727035522
952,3.7386129549095894,7.926458242385573,69,170.7827455997467
953,3.697718776226443,7.954044796668793,69,170.9560878276825
954,3.697718776226443,7.954044796668793,69,171.15470337867737
955,3.697718776226443,7.954044796668793,69,171.32478523254395
956,3.697718776226443,7.954044796668793,69,171.49456214904785
957,3.697718776226443,7.954044796668793,69,171.7013976573944
958,3.6745250629434647,7.979549346855166,69,171.8798849582672
959,3.6745250629434647,7.979549346855166,69,172.0693769454956
960,3.6745250629434647,7.979549346855166,69,172.24990820884705
961,3.6745250629434647,7.979549346855166,69,172.4542772769928
962,3.6745250629434647,7.979549346855166,69,172.63016319274902
963,3.7047379262989235,8.010258907283657,69,172.8199987411499
964,3.7047379262989235,8.010258907283657,69,173.0215198993683
965,3.7047379262989235,8.010258907283657,69,173.2104151248932
966,3.7047379262989235,8.010258907283657,69,173.38911247253418
967,3.7047379262989235,8.010258907283657,69,173.56342315673828
968,3.7215228503852895,8.03576345747003,69,173.73832082748413
969,3.7215228503852895,8.03576345747003,69,173.9266607761383
970,3.7215228503852895,8.03576345747003,69,174.07971358299255
971,3.7215228503852895,8.03576345747003,69,174.25831508636475
972,3.7215228503852895,8.03576345747003,69,174.43988609313965
973,3.727626459143968,8.068034520971153,69,174.65274286270142
974,3.727626459143968,8.068034520971153,69,174.8300130367279
975,3.727626459143968,8.068034520971153,69,175.01398825645447
976,3.727626459143968,8.068034520971153,69,175.1830608844757
977,3.727626459143968,8.068034520971153,69,175.37114024162292
978,3.6876478217746236,8.068034520971153,69,175.53811764717102
979,3.6876478217746236,8.091977568084891,69,175.68096041679382
980,3.6876478217746236,8.091977568084891,69,175.87052035331726
981,3.6876478217746236,8.091977568084891,69,176.05385327339172
982,3.6876478217746236,8.091977568084891,69,176.2150468826294
983,3.7087052719920646,8.091977568084891,69,176.38002562522888
984,3.7087052719920646,8.124248631586017,69,176.56056189537048
985,3.7087052719920646,8.124248631586017,69,176.7457001209259
986,3.7087052719920646,8.124248631586017,69,176.93353509902954
987,3.7087052719920646,8.124248631586017,69,177.1097071170807
988,3.7087052719920646,8.124248631586017,69,177.28303480148315
989,3.732509346150911,8.145068672554483,69,177.46405172348022
990,3.732509346150911,8.145068672554483,69,177.65032625198364
991,3.732509346150911,8.145068672554483,69,177.83840227127075
992,3.732509346150911,8.145068672554483,69,178.01297760009766
993,3.732509346150911,8.145068672554483,69,178.19030952453613
994,3.7254901960784306,8.172134725813493,69,178.34092092514038
995,3.7254901960784306,8.172134725813493,69,178.51951789855957
996,3.7254901960784306,8.172134725813493,69,178.6945505142212
997,3.7254901960784306,8.172134725813493,69,178.8849904537201
998,3.7254901960784306,8.172134725813493,69,179.05876660346985
999,3.7096208133058663,8.19972128009671,69,179.24196696281433
1000,3.7096208133058663,8.19972128009671,69,179.39722728729248
1001,3.7096208133058663,8.19972128009671,69,179.5416898727417
1002,3.7096208133058663,8.19972128009671,69,179.7057807445526
1003,3.7096208133058663,8.19972128009671,69,179.87309217453003
1004,3.7096208133058663,8.19972128009671,69,180.0218641757965
1005,3.7206073090714877,8.221582323113603,69,180.2034523487091
1006,3.7206073090714877,8.221582323113603,69,180.40527367591858
1007,3.7206073090714877,8.221582323113603,69,180.5502495765686
1008,3.7206073090714877,8.221582323113603,69,180.7405185699463
1009,3.7206073090714877,8.221582323113603,69,180.92102074623108
1010,3.7254901960784306,8.247086873299976,69,181.09520149230957
1011,3.7254901960784306,8.247086873299976,69,181.2803177833557
1012,3.7254901960784306,8.247086873299976,69,181.46043491363525
1013,3.7254901960784306,8.247086873299976,69,181.6443965435028
1014,3.7254901960784306,8.247086873299976,69,181.8447687625885
1015,3.7227435721370252,8.247086873299976,69,181.98075151443481
1016,3.7227435721370252,8.269468417341077,69,182.15079975128174
1017,3.7227435721370252,8.269468417341077,69,182.33407521247864
1018,3.7227435721370252,8.269468417341077,69,182.53475499153137
1019,3.7227435721370252,8.269468417341077,69,182.7155888080597
1020,3.7016861219195842,8.269468417341077,69,182.8981957435608
1021,3.7016861219195842,8.294972967527452,69,183.08245539665222
1022,3.7016861219195842,8.294972967527452,69,183.26278281211853
1023,3.7016861219195842,8.294972967527452,69,183.46538996696472
1024,3.7016861219195842,8.294972967527452,69,183.6445243358612
1025,3.703517204547188,8.294972967527452,69,183.7718768119812
1026,3.703517204547188,8.329326035125423,69,183.97445368766785
1027,3.703517204547188,8.329326035125423,69,184.13147020339966
1028,3.703517204547188,8.329326035125423,69,184.3337333202362
1029,3.703517204547188,8.329326035125423,69,184.54053378105164
1030,3.7126726176852056,8.329326035125423,69,184.7231888771057
1031,3.7126726176852056,8.35639208838443,69,184.90010714530945
1032,3.7126726176852056,8.35639208838443,69,185.07489347457886
1033,3.7126726176852056,8.35639208838443,69,185.24237275123596
1034,3.7126726176852056,8.35639208838443,69,185.4115104675293
1035,3.7016861219195842,8.35639208838443,69,185.59796786308289
1036,3.7016861219195842,8.375130125256051,69,185.7788679599762
1037,3.7016861219195842,8.375130125256051,69,185.95660829544067
1038,3.7016861219195842,8.375130125256051,69,186.11415576934814
1039,3.7016861219195842,8.375130125256051,69,186.28523111343384
1040,3.7175555046921485,8.375130125256051,69,186.49073147773743
1041,3.7175555046921485,8.40583968568454,69,186.68136525154114
1042,3.7175555046921485,8.40583968568454,69,186.85643815994263
1043,3.7175555046921485,8.40583968568454,69,187.0407943725586
1044,3.7175555046921485,8.40583968568454,69,187.21111869812012
1045,3.7175555046921485,8.40583968568454,69,187.39823985099792
1046,3.7395284962233912,8.429782732798278,69,187.58134055137634
1047,3.7395284962233912,8.429782732798278,69,187.78444385528564
1048,3.7395284962233912,8.429782732798278,69,187.9918918609619
1049,3.7395284962233912,8.429782732798278,69,188.17320084571838
1050,3.707789730678263,8.429782732798278,69,188.3568618297577
1051,3.707789730678263,8.450082272742534,69,188.53403878211975
1052,3.707789730678263,8.450082272742534,69,188.7155041694641
1053,3.707789730678263,8.450082272742534,69,188.90212750434875
1054,3.707789730678263,8.450082272742534,69,189.07609581947327
1055,3.715724422064545,8.450082272742534,69,189.25295448303223
1056,3.715724422064545,8.480791833171025,69,189.43953585624695
1057,3.715724422064545,8.480791833171025,69,189.64440870285034
1058,3.715724422064545,8.480791833171025,69,189.80139422416687
1059,3.715724422064545,8.480791833171025,69,190.00272130966187
1060,3.7047379262989235,8.480791833171025,69,190.18531608581543
1061,3.7047379262989235,8.506296383357398,69,190.36852431297302
1062,3.7047379262989235,8.506296383357398,69,190.5514600276947
1063,3.7047379262989235,8.506296383357398,69,190.7285189628601
1064,3.7047379262989235,8.506296383357398,69,190.90643620491028
1065,3.6964980544747075,8.506296383357398,69,191.11121702194214
1066,3.6964980544747075,8.530239430471136,69,191.3015160560608
1067,3.6964980544747075,8.530239430471136,69,191.51901030540466
1068,3.6964980544747075,8.530239430471136,69,191.71547532081604
1069,3.6964980544747075,8.530239430471136,69,191.92124938964844
1070,3.6916151674677646,8.552620974512237,69,192.10248446464539
1071,3.6916151674677646,8.552620974512237,69,192.2920801639557
1072,3.6916151674677646,8.552620974512237,69,192.47230339050293
1073,3.6916151674677646,8.552620974512237,69,192.65358543395996
1074,3.6916151674677646,8.552620974512237,69,192.86015129089355
1075,3.702601663233386,8.552620974512237,69,193.02045917510986
1076,3.702601663233386,8.579687027771246,69,193.19372010231018
1077,3.702601663233386,8.579687027771246,69,193.3411078453064
1078,3.702601663233386,8.579687027771246,69,193.5241458415985
1079,3.702601663233386,8.579687027771246,69,193.72541332244873
1080,3.6876478217746236,8.579687027771246,69,193.91324520111084
1081,3.6876478217746236,8.60206857181235,69,194.093581199646
1082,3.6876478217746236,8.60206857181235,69,194.25011253356934
1083,3.6876478217746236,8.60206857181235,69,194.4497983455658
1084,3.6876478217746236,8.60206857181235,69,194.65628600120544
1085,3.697718776226443,8.629134625071357,69,194.86922478675842
1086,3.697718776226443,8.629134625071357,69,195.03897285461426
1087,3.697718776226443,8.629134625071357,69,195.22746300697327
1088,3.697718776226443,8.629134625071357,69,195.37234020233154
1089,3.697718776226443,8.629134625071357,69,195.56948375701904
1090,3.724574654764629,8.654639175257731,69,195.77048802375793
1091,3.724574654764629,8.654639175257731,69,195.91448831558228
1092,3.724574654764629,8.654639175257731,69,196.0435483455658
1093,3.724574654764629,8.654639175257731,69,196.25094628334045
1094,3.724574654764629,8.654639175257731,69,196.4313726425171
1095,3.7227435721370252,8.654639175257731,69,196.63611221313477
1096,3.7227435721370252,8.685348735686222,69,196.82490825653076
1097,3.7227435721370252,8.685348735686222,69,197.0289318561554
1098,3.7227435721370252,8.685348735686222,69,197.21051788330078
1099,3.7227435721370252,8.685348735686222,69,197.39295101165771
1100,3.7456321049820698,8.704086772557844,69,197.5713450908661
1101,3.7456321049820698,8.704086772557844,69,197.77785849571228
1102,3.7456321049820698,8.704086772557844,69,197.9572238922119
1103,3.7456321049820698,8.704086772557844,69,198.10026383399963
1104,3.7456321049820698,8.704086772557844,69,198.2942566871643
1105,3.7434958419165323,8.728029819671582,69,198.49866127967834
1106,3.7434958419165323,8.728029819671582,69,198.67670941352844
1107,3.7434958419165323,8.728029819671582,69,198.86068296432495
1108,3.7434958419165323,8.728029819671582,69,199.06646180152893
1109,3.7434958419165323,8.728029819671582,69,199.25178956985474
1110,3.732509346150911,8.75197286678532,69,199.430730342865
1111,3.732509346150911,8.75197286678532,69,199.6048731803894
1112,3.732509346150911,8.75197286678532,69,199.80959224700928
1113,3.732509346150911,8.75197286678532,69,199.97110247612
1114,3.732509346150911,8.75197286678532,69,200.15048503875732
1115,3.740749217975127,8.772792907753786,69,200.32638669013977
1116,3.740749217975127,8.772792907753786,69,200.51456809043884
1117,3.740749217975127,8.772792907753786,69,200.71537733078003
1118,3.740749217975127,8.772792907753786,69,200.89718461036682
1119,3.740749217975127,8.772792907753786,69,201.07807183265686
1120,3.75173571374075,8.80142046408543,69,201.23170399665833
1121,3.75173571374075,8.80142046408543,69,201.40217542648315
1122,3.75173571374075,8.80142046408543,69,201.57542037963867
1123,3.7267109178301663,8.834212028610766,69,202.7538559436798
1124,3.7666895551995125,8.834212028610766,69,202.92940378189087
1125,3.7666895551995125,8.856073071627657,69,203.1118941307068
1126,3.7666895551995125,8.856073071627657,69,203.27758884429932
1127,3.7666895551995125,8.856073071627657,69,203.4422173500061
1128,3.7666895551995125,8.856073071627657,69,203.60897302627563
1129,3.7666895551995125,8.856073071627657,69,203.77167057991028
1130,3.777676050965134,8.856073071627657,69,203.9245684146881
1131,3.777676050965134,8.87845461566876,69,204.09217047691345
1132,3.777676050965134,8.87845461566876,69,204.27315855026245
1133,3.777676050965134,8.87845461566876,69,204.452645778656
1134,3.777676050965134,8.87845461566876,69,204.5930597782135
1135,3.777676050965134,8.87845461566876,69,204.73090076446533
1136,3.7676050965133143,8.907082172000402,69,204.90080547332764
1137,3.7676050965133143,8.907082172000402,69,205.0674765110016
1138,3.7676050965133143,8.907082172000402,69,205.21534490585327
1139,3.7676050965133143,8.907082172000402,69,205.39547395706177
1140,3.7676050965133143,8.907082172000402,69,205.5657558441162
1141,3.740749217975127,8.907082172000402,69,205.7301836013794
1142,3.740749217975127,8.936230229356259,69,205.88773798942566
1143,3.740749217975127,8.936230229356259,69,206.08605027198792
1144,3.740749217975127,8.936230229356259,69,206.25326943397522
1145,3.740749217975127,8.936230229356259,69,206.4191017150879
1146,3.740749217975127,8.936230229356259,69,206.6125144958496
1147,3.7386129549095894,8.960173276469995,69,206.77703762054443
1148,3.7386129549095894,8.960173276469995,69,206.95765256881714
1149,3.7386129549095894,8.960173276469995,69,207.1250946521759
1150,3.7386129549095894,8.960173276469995,69,207.28707313537598
1151,3.7386129549095894,8.960173276469995,69,207.43874740600586
1152,3.75173571374075,8.960173276469995,69,207.61062479019165
1153,3.75173571374075,8.987239329729004,69,207.79114818572998
1154,3.75173571374075,8.987239329729004,69,207.97338128089905
1155,3.75173571374075,8.987239329729004,69,208.14821887016296
1156,3.75173571374075,8.987239329729004,69,208.30649781227112
1157,3.719691767757686,8.987239329729004,69,208.51709508895874
1158,3.719691767757686,9.00805937069747,69,208.69011092185974
1159,3.719691767757686,9.00805937069747,69,208.87147998809814
1160,3.719691767757686,9.00805937069747,69,209.04342889785767
1161,3.719691767757686,9.00805937069747,69,209.20846033096313
1162,3.732509346150911,9.00805937069747,69,209.41450309753418
1163,3.732509346150911,9.032002417811208,69,209.585275888443
1164,3.732509346150911,9.032002417811208,69,209.74821138381958
1165,3.732509346150911,9.032002417811208,69,209.94456839561462
1166,3.732509346150911,9.032002417811208,69,210.12986993789673
1167,3.732509346150911,9.032002417811208,69,210.29011845588684
1168,3.715724422064545,9.060629974142852,69,210.4845485687256
1169,3.715724422064545,9.060629974142852,69,210.66236853599548
1170,3.715724422064545,9.060629974142852,69,210.85209774971008
1171,3.715724422064545,9.060629974142852,69,211.00864100456238
1172,3.715724422064545,9.060629974142852,69,211.18115305900574
1173,3.727626459143968,9.084573021256588,69,211.36861324310303
1174,3.727626459143968,9.084573021256588,69,211.5187747478485
1175,3.727626459143968,9.084573021256588,69,211.69856882095337
1176,3.727626459143968,9.084573021256588,69,211.86959147453308
1177,3.727626459143968,9.084573021256588,69,212.05028557777405
1178,3.7227435721370252,9.084573021256588,69,212.2429165840149
1179,3.7227435721370252,9.10331105812821,69,212.41714358329773
1180,3.7227435721370252,9.10331105812821,69,212.5883240699768
1181,3.7227435721370252,9.10331105812821,69,212.7668478488922
1182,3.7227435721370252,9.10331105812821,69,212.95655488967896
1183,3.698634317540245,9.10331105812821,69,213.12644910812378
1184,3.698634317540245,9.1340206185567,69,213.3160102367401
1185,3.698634317540245,9.1340206185567,69,213.5157060623169
1186,3.698634317540245,9.1340206185567,69,213.67426872253418
1187,3.698634317540245,9.1340206185567,69,213.82905077934265
1188,3.698634317540245,9.1340206185567,69,214.01218628883362
1189,3.706569008926527,9.157963665670437,69,214.18643474578857
1190,3.706569008926527,9.157963665670437,69,214.38437366485596
1191,3.706569008926527,9.157963665670437,69,214.57516646385193
1192,3.706569008926527,9.157963665670437,69,214.7579231262207
1193,3.7175555046921485,9.20428825682528,69,215.94982814788818
1194,3.7175555046921485,9.20428825682528,69,216.10822772979736
1195,3.7175555046921485,9.20428825682528,69,216.28610587120056
1196,3.7175555046921485,9.20428825682528,69,216.47224068641663
1197,3.7175555046921485,9.20428825682528,69,216.6454563140869
1198,3.748683909361409,9.227710802914803,69,216.8434751033783
1199,3.748683909361409,9.227710802914803,69,217.02845287322998
1200,3.748683909361409,9.227710802914803,69,217.20333814620972
1201,3.748683909361409,9.227710802914803,69,217.3668293952942
1202,3.748683909361409,9.227710802914803,69,217.53323554992676
1203,3.7337300679026466,9.227710802914803,69,217.69837284088135
1204,3.7337300679026466,9.251653850028543,69,217.8697166442871
1205,3.7337300679026466,9.251653850028543,69,218.05468773841858
1206,3.7337300679026466,9.251653850028543,69,218.20532083511353
1207,3.7337300679026466,9.251653850028543,69,218.40439319610596
1208,3.7547875181200894,9.251653850028543,69,218.5632495880127
1209,3.769741359578852,9.307867960643405,69,219.7333221435547
1210,3.769741359578852,9.307867960643405,69,219.9161717891693
1211,3.769741359578852,9.307867960643405,69,220.09973096847534
1212,3.769741359578852,9.307867960643405,69,220.26746773719788
1213,3.7267109178301663,9.307867960643405,69,220.42908334732056
1214,3.7267109178301663,9.326605997515026,69,220.6030900478363
1215,3.7267109178301663,9.326605997515026,69,220.8103530406952
1216,3.7267109178301663,9.326605997515026,69,220.9724781513214
1217,3.7267109178301663,9.326605997515026,69,221.1504521369934
1218,3.7416647592889287,9.326605997515026,69,221.3137767314911
1219,3.7416647592889287,9.352631048725609,69,221.48146986961365
1220,3.7416647592889287,9.352631048725609,69,221.6549379825592
1221,3.7416647592889287,9.352631048725609,69,221.8393006324768
1222,3.7416647592889287,9.352631048725609,69,222.00647282600403
1223,3.7416647592889287,9.352631048725609,69,222.19242191314697
1224,3.75173571374075,9.372930588669867,69,222.35119104385376
1225,3.75173571374075,9.372930588669867,69,222.52769207954407
1226,3.7547875181200894,9.399996641928874,69,223.70009183883667
1227,3.7547875181200894,9.399996641928874,69,223.87974095344543
1228,3.7346456092164484,9.399996641928874,69,224.05741810798645
1229,3.7346456092164484,9.418734678800494,69,224.2546956539154
1230,3.7346456092164484,9.418734678800494,69,224.41983604431152
1231,3.7346456092164484,9.418734678800494,69,224.600031375885
1232,3.7346456092164484,9.418734678800494,69,224.79761266708374
1233,3.75173571374075,9.418734678800494,69,224.98286390304565
1234,3.75173571374075,9.449444239228985,69,225.1672065258026
1235,3.75173571374075,9.449444239228985,69,225.3400309085846
1236,3.75173571374075,9.449444239228985,69,225.507061958313
1237,3.75173571374075,9.449444239228985,69,225.69915986061096
1238,3.75173571374075,9.449444239228985,69,225.85974860191345
1239,3.7846952010376143,9.46662077302797,69,226.0354356765747
1240,3.7846952010376143,9.46662077302797,69,226.21435570716858
1241,3.7846952010376143,9.46662077302797,69,226.41449403762817
1242,3.7846952010376143,9.46662077302797,69,226.5994200706482
1243,3.7846952010376143,9.46662077302797,69,226.75541186332703
1244,3.769741359578852,9.46662077302797,69,226.909898519516
1245,3.769741359578852,9.498891836529095,69,227.08461213111877
1246,3.769741359578852,9.498891836529095,69,227.23974895477295
1247,3.769741359578852,9.498891836529095,69,227.39137959480286
1248,3.769741359578852,9.498891836529095,69,227.57209610939026
1249,3.769741359578852,9.498891836529095,69,227.70271635055542
1250,3.7636377508201733,9.517629873400718,69,227.89346718788147
1251,3.7636377508201733,9.517629873400718,69,228.0741515159607
1252,3.7636377508201733,9.517629873400718,69,228.25282430648804
1253,3.7636377508201733,9.517629873400718,69,228.43943524360657
1254,3.7636377508201733,9.517629873400718,69,228.61911129951477
1255,3.749599450675211,9.543654924611303,69,228.79812860488892
1256,3.749599450675211,9.543654924611303,69,228.97656631469727
1257,3.749599450675211,9.543654924611303,69,229.15100026130676
1258,3.749599450675211,9.543654924611303,69,229.33480024337769
1259,3.749599450675211,9.543654924611303,69,229.50812339782715
1260,3.706569008926527,9.543654924611303,69,229.68465924263
1261,3.706569008926527,9.56031095738608,69,229.87629675865173
1262,3.706569008926527,9.56031095738608,69,230.05744171142578
1263,3.706569008926527,9.56031095738608,69,230.2346863746643
1264,3.706569008926527,9.56031095738608,69,230.41008758544922
1265,3.7056534676127253,9.56031095738608,69,230.58976221084595
1266,3.7056534676127253,9.591020517814567,69,230.76639533042908
1267,3.7056534676127253,9.591020517814567,69,230.92356061935425
1268,3.7056534676127253,9.591020517814567,69,231.1107165813446
1269,3.7056534676127253,9.591020517814567,69,231.28460788726807
1270,3.7505149919890144,9.591020517814567,69,231.44375014305115
1271,3.7505149919890144,9.606635548540918,69,231.63126468658447
1272,3.7505149919890144,9.606635548540918,69,231.82485699653625
1273,3.7505149919890144,9.606635548540918,69,232.00292778015137
1274,3.7505149919890144,9.606635548540918,69,232.18109798431396
1275,3.7505149919890144,9.606635548540918,69,232.3382852077484
1276,3.7386129549095894,9.630578595654656,69,232.51209568977356
1277,3.7386129549095894,9.630578595654656,69,232.6668086051941
1278,3.7386129549095894,9.630578595654656,69,232.86545777320862
1279,3.7386129549095894,9.630578595654656,69,233.0275523662567
1280,3.6455329213397416,9.656083145841029,69,234.22132086753845
1281,3.6455329213397416,9.67794418885792,69,234.3818531036377
1282,3.6455329213397416,9.67794418885792,69,234.57969546318054
1283,3.6455329213397416,9.67794418885792,69,234.76248407363892
1284,3.6455329213397416,9.67794418885792,69,234.94006085395813
1285,3.7386129549095894,9.67794418885792,69,235.099454164505
1286,3.7386129549095894,9.701887235971657,69,235.25075435638428
1287,3.7877470054169535,9.722707276940126,69,236.43848538398743
1288,3.7877470054169535,9.722707276940126,69,236.60447573661804
1289,3.7877470054169535,9.722707276940126,69,236.771582365036
1290,3.7547875181200894,9.722707276940126,69,236.94678831100464
1291,3.7547875181200894,9.749773330199133,69,237.1307671070099
1292,3.7547875181200894,9.749773330199133,69,237.2897424697876
1293,3.7547875181200894,9.749773330199133,69,237.4661693572998
1294,3.7547875181200894,9.749773330199133,69,237.64154648780823
1295,3.7547875181200894,9.749773330199133,69,237.81739592552185
1296,3.7425803006027305,9.768511367070754,69,237.97847390174866
1297,3.7425803006027305,9.768511367070754,69,238.16185665130615
1298,3.7425803006027305,9.768511367070754,69,238.32964873313904
1299,3.7425803006027305,9.768511367070754,69,238.49138069152832
1300,3.7425803006027305,9.768511367070754,69,238.6681079864502
1301,3.744716563668268,9.768511367070754,69,238.85021710395813
1302,3.744716563668268,9.78881090701501,69,239.0002965927124
1303,3.744716563668268,9.78881090701501,69,239.1834008693695
1304,3.744716563668268,9.78881090701501,69,239.3559033870697
1305,3.744716563668268,9.78881090701501,69,239.53509378433228
1306,3.7505149919890144,9.78881090701501,69,239.73594903945923
1307,3.7505149919890144,9.81639746129823,69,239.92890620231628
1308,3.7505149919890144,9.81639746129823,69,240.11274814605713
1309,3.7505149919890144,9.81639746129823,69,240.30844736099243
1310,3.7505149919890144,9.81639746129823,69,240.4863157272339
1311,3.75173571374075,9.81639746129823,69,240.68023109436035
1312,3.75173571374075,9.843463514557238,69,240.84182620048523
1313,3.75173571374075,9.843463514557238,69,241.02952361106873
1314,3.75173571374075,9.843463514557238,69,241.2099094390869
1315,3.75173571374075,9.843463514557238,69,241.38893008232117
1316,3.744716563668268,9.843463514557238,69,241.57868885993958
1317,3.744716563668268,9.864283555525706,69,241.75330758094788
1318,3.744716563668268,9.864283555525706,69,241.9121594429016
1319,3.744716563668268,9.864283555525706,69,242.0866584777832
1320,3.744716563668268,9.864283555525706,69,242.2672312259674
1321,3.744716563668268,9.864283555525706,69,242.4330940246582
1322,3.7376974135957877,9.886144598542597,69,242.59022402763367
1323,3.7376974135957877,9.886144598542597,69,242.77442169189453
1324,3.7376974135957877,9.886144598542597,69,242.95362091064453
1325,3.7376974135957877,9.886144598542597,69,243.1548628807068
1326,3.7376974135957877,9.886144598542597,69,243.34239649772644
1327,3.72854200045777,9.906964639511063,69,243.52759313583374
1328,3.72854200045777,9.906964639511063,69,243.70721626281738
1329,3.7434958419165323,9.934030692770072,69,244.89095497131348
1330,3.7434958419165323,9.934030692770072,69,245.08801746368408
1331,3.7615014877546358,9.934030692770072,69,245.23878288269043
1332,3.7615014877546358,9.959535242956445,69,245.4011812210083
1333,3.7615014877546358,9.959535242956445,69,245.5408079624176
1334,3.7615014877546358,9.959535242956445,69,245.67544841766357
1335,3.7615014877546358,9.959535242956445,69,245.83004522323608
1336,3.7615014877546358,9.959535242956445,69,245.96666717529297
1337,3.7615014877546358,9.959535242956445,69,246.10529851913452
1338,3.7547875181200894,9.979834782900701,69,246.25293970108032
1339,3.7547875181200894,9.979834782900701,69,246.41151690483093
1340,3.7547875181200894,9.979834782900701,69,246.5905876159668
1341,3.7547875181200894,9.979834782900701,69,246.76513361930847
1342,3.7547875181200894,9.979834782900701,69,246.94452261924744
1343,3.723659113450827,9.979834782900701,69,247.12371468544006
1344,3.723659113450827,10.005859834111284,69,247.31030178070068
1345,3.723659113450827,10.005859834111284,69,247.4809730052948
1346,3.723659113450827,10.005859834111284,69,247.66187691688538
1347,3.723659113450827,10.005859834111284,69,247.8404643535614
1348,3.7175555046921485,10.005859834111284,69,247.99817085266113
1349,3.7175555046921485,10.026159374055542,69,248.17708230018616
1350,3.7175555046921485,10.026159374055542,69,248.38204956054688
1351,3.7175555046921485,10.026159374055542,69,248.5860631465912
1352,3.7175555046921485,10.026159374055542,69,248.7498710155487
1353,3.706569008926527,10.026159374055542,69,248.93141722679138
1354,3.706569008926527,10.048540918096645,69,249.11425352096558
1355,3.706569008926527,10.048540918096645,69,249.28976488113403
1356,3.706569008926527,10.048540918096645,69,249.4652500152588
1357,3.706569008926527,10.048540918096645,69,249.6218855381012
1358,3.706569008926527,10.048540918096645,69,249.7933373451233
1359,3.7306782635233073,10.048540918096645,69,249.93452262878418
1360,3.7306782635233073,10.067278954968266,69,250.09550094604492
1361,3.7306782635233073,10.067278954968266,69,250.2751762866974
1362,3.7306782635233073,10.067278954968266,69,250.4562315940857
1363,3.7306782635233073,10.067278954968266,69,250.64382147789001
1364,3.7456321049820698,10.067278954968266,69,250.83114099502563
1365,3.7456321049820698,10.09955001846939,69,251.00297856330872
1366,3.7456321049820698,10.09955001846939,69,251.19346690177917
1367,3.7456321049820698,10.09955001846939,69,251.361421585083
1368,3.7456321049820698,10.09955001846939,69,251.5344967842102
1369,3.732509346150911,10.09955001846939,69,251.71922612190247
1370,3.732509346150911,10.121411061486281,69,251.89252543449402
1371,3.732509346150911,10.121411061486281,69,252.0782549381256
1372,3.732509346150911,10.121411061486281,69,252.22783303260803
1373,3.732509346150911,10.121411061486281,69,252.4085874557495
1374,3.7505149919890144,10.121411061486281,69,252.58972334861755
1375,3.7505149919890144,10.123493065583126,69,252.7900722026825
1376,3.7505149919890144,10.123493065583126,69,252.94511103630066
1377,3.7505149919890144,10.123493065583126,69,253.0806851387024
1378,3.7505149919890144,10.123493065583126,69,253.27755093574524
1379,3.7505149919890144,10.123493065583126,69,253.45644426345825
1380,3.749599450675211,10.123493065583126,69,253.63022446632385
1381,3.749599450675211,10.178145673125355,69,253.7703926563263
1382,3.749599450675211,10.178145673125355,69,253.93804621696472
1383,3.749599450675211,10.178145673125355,69,254.0815691947937
1384,3.749599450675211,10.178145673125355,69,254.2624797821045
1385,3.749599450675211,10.178145673125355,69,254.4453980922699
1386,3.7615014877546358,10.188035192585378,69,254.65273261070251
1387,3.7615014877546358,10.188035192585378,69,254.84090781211853
1388,3.7615014877546358,10.188035192585378,69,255.01544737815857
1389,3.7615014877546358,10.188035192585378,69,255.19550728797913
1390,3.7615014877546358,10.188035192585378,69,255.3730251789093
1391,3.776760509651332,10.206773229457,69,255.56041955947876
1392,3.776760509651332,10.206773229457,69,255.73613619804382
1393,3.776760509651332,10.206773229457,69,255.90179204940796
1394,3.776760509651332,10.206773229457,69,256.08329367637634
1395,3.776760509651332,10.206773229457,69,256.2718930244446
1396,3.7785915922789357,10.237482789885487,69,256.4503996372223
1397,3.7785915922789357,10.237482789885487,69,256.6139380931854
1398,3.7785915922789357,10.237482789885487,69,256.798056602478
1399,3.7785915922789357,10.237482789885487,69,256.9858920574188
1400,3.7785915922789357,10.237482789885487,69,257.1753695011139
1401,3.797512779430839,10.26298734007186,69,257.35664677619934
1402,3.797512779430839,10.26298734007186,69,257.5422713756561
1403,3.797512779430839,10.26298734007186,69,257.714058637619
1404,3.797512779430839,10.26298734007186,69,257.9017713069916
1405,3.797512779430839,10.26298734007186,69,258.07749938964844
1406,3.7706569008926536,10.29057389435508,69,258.2546298503876
1407,3.7706569008926536,10.29057389435508,69,258.4398019313812
1408,3.7706569008926536,10.29057389435508,69,258.60930275917053
1409,3.7706569008926536,10.29057389435508,69,258.8017816543579
1410,3.7706569008926536,10.29057389435508,69,258.98145842552185
1411,3.75173571374075,10.29057389435508,69,259.15642786026
1412,3.75173571374075,10.312434937371972,69,259.32551550865173
1413,3.75173571374075,10.312434937371972,69,259.4761128425598
1414,3.75173571374075,10.312434937371972,69,259.66319823265076
1415,3.75173571374075,10.312434937371972,69,259.84917426109314
1416,3.7996490424963767,10.312434937371972,69,260.0303931236267
1417,3.7996490424963767,10.33637798448571,69,260.211394071579
1418,3.7996490424963767,10.33637798448571,69,260.392945766449
1419,3.7996490424963767,10.33637798448571,69,260.551381111145
1420,3.7996490424963767,10.33637798448571,69,260.7211456298828
1421,3.7996490424963767,10.33637798448571,69,260.86570739746094
1422,3.7715724422064554,10.355116021357333,69,261.0727744102478
1423,3.7715724422064554,10.355116021357333,69,261.22172451019287
1424,3.7715724422064554,10.355116021357333,69,261.4270279407501
1425,3.7715724422064554,10.355116021357333,69,261.5890350341797
1426,3.7715724422064554,10.355116021357333,69,261.7713530063629
1427,3.7825589379720768,10.3759360623258,69,261.9785511493683
1428,3.7825589379720768,10.3759360623258,69,262.13616824150085
1429,3.7825589379720768,10.3759360623258,69,262.2805349826813
1430,3.7825589379720768,10.3759360623258,69,262.4595150947571
1431,3.7825589379720768,10.3759360623258,69,262.63533782958984
1432,3.7846952010376143,10.3759360623258,69,262.79546427726746
1433,3.7846952010376143,10.404563618657445,69,262.993545293808
1434,3.7846952010376143,10.404563618657445,69,263.1696147918701
1435,3.7846952010376143,10.404563618657445,69,263.35474014282227
1436,3.7846952010376143,10.404563618657445,69,263.51057028770447
1437,3.764553292133975,10.404563618657445,69,263.68924164772034
1438,3.764553292133975,10.425383659625911,69,263.8654646873474
1439,3.764553292133975,10.425383659625911,69,264.04642391204834
1440,3.764553292133975,10.425383659625911,69,264.22363233566284
1441,3.764553292133975,10.425383659625911,69,264.4040491580963
1442,3.764553292133975,10.425383659625911,69,264.55115509033203
1443,3.7755397878995964,10.447244702642802,69,264.7404863834381
1444,3.7755397878995964,10.447244702642802,69,264.91242241859436
1445,3.7755397878995964,10.447244702642802,69,265.1007339954376
1446,3.7755397878995964,10.447244702642802,69,265.27764081954956
1447,3.7755397878995964,10.447244702642802,69,265.4554536342621
1448,3.7755397878995964,10.476392759998657,69,265.6301200389862
1449,3.7755397878995964,10.476392759998657,69,265.8383467197418
1450,3.7755397878995964,10.476392759998657,69,266.0194079875946
1451,3.7755397878995964,10.476392759998657,69,266.1797671318054
1452,3.7755397878995964,10.476392759998657,69,266.3655512332916
1453,3.7846952010376143,10.476392759998657,69,266.54038977622986
1454,3.7846952010376143,10.491487289700796,69,266.740510225296
1455,3.7846952010376143,10.491487289700796,69,266.9183874130249
1456,3.7846952010376143,10.491487289700796,69,267.1009395122528
1457,3.7846952010376143,10.491487289700796,69,267.23344564437866
1458,3.759670405127032,10.491487289700796,69,267.4050226211548
1459,3.759670405127032,10.52063534705665,69,267.54617404937744
1460,3.759670405127032,10.52063534705665,69,267.70955634117126
1461,3.759670405127032,10.52063534705665,69,267.88943696022034
1462,3.759670405127032,10.52063534705665,69,268.06337308883667
1463,3.759670405127032,10.52063534705665,69,268.2270736694336
1464,3.790493629358359,10.52063534705665,69,268.3954985141754
1465,3.790493629358359,10.543016891097754,69,268.5814530849457
1466,3.790493629358359,10.543016891097754,69,268.75653052330017
1467,3.790493629358359,10.543016891097754,69,268.9377775192261
1468,3.790493629358359,10.543016891097754,69,269.13955640792847
1469,3.7456321049820698,10.543016891097754,69,269.3003785610199
1470,3.7456321049820698,10.568521441284126,69,269.4671404361725
1471,3.7456321049820698,10.568521441284126,69,269.6286814212799
1472,3.7456321049820698,10.568521441284126,69,269.8097474575043
1473,3.7456321049820698,10.568521441284126,69,269.99038004875183
1474,3.7587548638132304,10.568521441284126,69,270.15155243873596
1475,3.7587548638132304,10.588820981228382,69,270.3195307254791
1476,3.7587548638132304,10.588820981228382,69,270.52274918556213
1477,3.7587548638132304,10.588820981228382,69,270.68242287635803
1478,3.7587548638132304,10.588820981228382,69,270.85806941986084
1479,3.7615014877546358,10.588820981228382,69,271.0363562107086
1480,3.7615014877546358,10.617969038584237,69,271.2030818462372
1481,3.7615014877546358,10.617969038584237,69,271.3723006248474
1482,3.7615014877546358,10.617969038584237,69,271.5453631877899
1483,3.7615014877546358,10.617969038584237,69,271.72536158561707
1484,3.7615014877546358,10.617969038584237,69,271.8814947605133
1485,3.7837796597238125,10.617969038584237,69,272.09634923934937
1486,3.7837796597238125,10.645035091843244,69,272.27208852767944
1487,3.7837796597238125,10.645035091843244,69,272.44317603111267
1488,3.7837796597238125,10.645035091843244,69,272.63087606430054
1489,3.7837796597238125,10.645035091843244,69,272.81210470199585
1490,3.7746242465857947,10.645035091843244,69,272.9868321418762
1491,3.7746242465857947,10.659088619496961,69,273.1598722934723
1492,3.7746242465857947,10.659088619496961,69,273.34803438186646
1493,3.7746242465857947,10.659088619496961,69,273.5292727947235
1494,3.7746242465857947,10.659088619496961,69,273.70529651641846
1495,3.727626459143968,10.659088619496961,69,273.88939929008484
1496,3.727626459143968,10.69292118607072,69,274.0653100013733
1497,3.727626459143968,10.69292118607072,69,274.21111011505127
1498,3.727626459143968,10.69292118607072,69,274.3943336009979
1499,3.727626459143968,10.69292118607072,69,274.57343435287476
1500,3.727626459143968,10.69292118607072,69,274.75456380844116
1501,3.723659113450827,10.708536216797071,69,274.94014859199524
1502,3.723659113450827,10.708536216797071,69,275.0790078639984
1503,3.723659113450827,10.708536216797071,69,275.2441954612732
1504,3.723659113450827,10.708536216797071,69,275.42187786102295
1505,3.723659113450827,10.708536216797071,69,275.59850311279297
1506,3.7535667963683537,10.708536216797071,69,275.7834663391113
1507,3.7535667963683537,10.730397259813962,69,275.9894161224365
1508,3.7535667963683537,10.730397259813962,69,276.16010427474976
1509,3.7535667963683537,10.730397259813962,69,276.3781769275665
1510,3.7535667963683537,10.730397259813962,69,276.50982308387756
1511,3.772487983520257,10.749135296685584,69,276.7220115661621
1512,3.772487983520257,10.749135296685584,69,276.8991177082062
1513,3.772487983520257,10.749135296685584,69,277.05955266952515
1514,3.772487983520257,10.749135296685584,69,277.22012734413147
1515,3.772487983520257,10.749135296685584,69,277.5020205974579
1516,3.790493629358359,10.771516840726687,69,277.7024767398834
1517,3.790493629358359,10.771516840726687,69,277.88604164123535
1518,3.790493629358359,10.771516840726687,69,278.0623621940613
1519,3.790493629358359,10.771516840726687,69,278.2640862464905
1520,3.756618600747693,10.771516840726687,69,278.46619415283203
1521,3.756618600747693,10.795459887840423,69,278.69649505615234
1522,3.756618600747693,10.795459887840423,69,278.8754541873932
1523,3.756618600747693,10.795459887840423,69,279.0550696849823
1524,3.756618600747693,10.795459887840423,69,279.28589606285095
1525,3.752651255054552,10.822525941099432,69,279.5303304195404
1526,3.752651255054552,10.822525941099432,69,279.75402903556824
1527,3.752651255054552,10.822525941099432,69,279.92261004447937
1528,3.752651255054552,10.822525941099432,69,280.1651146411896
1529,3.777676050965134,10.822525941099432,69,280.3493971824646
1530,3.777676050965134,10.842825481043686,69,280.54288721084595
1531,3.777676050965134,10.842825481043686,69,280.6765892505646
1532,3.777676050965134,10.842825481043686,69,280.84005761146545
1533,3.777676050965134,10.842825481043686,69,280.9928939342499
1534,3.777676050965134,10.842825481043686,69,281.13726329803467
1535,3.789578088044557,10.842825481043686,69,281.2849180698395
1536,3.789578088044557,10.878740051714294,69,281.44444155693054
1537,3.789578088044557,10.878740051714294,69,281.602552652359
1538,3.789578088044557,10.878740051714294,69,281.75280690193176
1539,3.789578088044557,10.878740051714294,69,281.922123670578
1540,3.790493629358359,10.878740051714294,69,282.1093330383301
1541,3.790493629358359,10.894355082440644,69,282.294762134552
1542,3.790493629358359,10.894355082440644,69,282.43926072120667
1543,3.790493629358359,10.894355082440644,69,282.64992094039917
1544,3.790493629358359,10.894355082440644,69,282.8161220550537
1545,3.790493629358359,10.894355082440644,69,283.0119261741638
1546,3.776760509651332,10.919859632627018,69,283.19061732292175
1547,3.776760509651332,10.919859632627018,69,283.37043380737305
1548,3.776760509651332,10.919859632627018,69,283.5435073375702
1549,3.776760509651332,10.919859632627018,69,283.70878076553345
1550,3.776760509651332,10.919859632627018,69,283.8790485858917
1551,3.781643396658275,10.919859632627018,69,284.05874824523926
1552,3.781643396658275,10.94224117666812,69,284.23630237579346
1553,3.781643396658275,10.94224117666812,69,284.42063760757446
1554,3.781643396658275,10.94224117666812,69,284.5915184020996
1555,3.781643396658275,10.94224117666812,69,284.7812077999115
1556,3.8084992751964606,10.94224117666812,69,284.95696330070496
1557,3.8084992751964606,10.969307229927129,69,285.13795137405396
1558,3.8084992751964606,10.969307229927129,69,285.3196952342987
1559,3.8084992751964606,10.969307229927129,69,285.51838541030884
1560,3.8084992751964606,10.969307229927129,69,285.6854910850525
1561,3.8045319295033195,10.969307229927129,69,285.89400601387024
1562,3.8045319295033195,10.991688773968232,69,286.0545916557312
1563,3.8045319295033195,10.991688773968232,69,286.2194595336914
1564,3.8045319295033195,10.991688773968232,69,286.39866876602173
1565,3.8045319295033195,10.991688773968232,69,286.5554838180542
1566,3.8045319295033195,10.991688773968232,69,286.7497036457062
1567,3.7825589379720768,11.013549816985122,69,286.93438744544983
1568,3.7825589379720768,11.013549816985122,69,287.12000584602356
1569,3.7825589379720768,11.013549816985122,69,287.3309304714203
1570,3.7825589379720768,11.013549816985122,69,287.5047872066498
1571,3.7825589379720768,11.013549816985122,69,287.66498374938965
1572,3.759670405127032,11.032287853856744,69,287.84152030944824
1573,3.759670405127032,11.032287853856744,69,288.04690504074097
1574,3.759670405127032,11.032287853856744,69,288.2213017940521
1575,3.759670405127032,11.032287853856744,69,288.41114354133606
1576,3.759670405127032,11.032287853856744,69,288.58780884742737
1577,3.7477683680476073,11.057792404043116,69,288.7944221496582
1578,3.7477683680476073,11.057792404043116,69,288.94997811317444
1579,3.7477683680476073,11.057792404043116,69,289.1336281299591
1580,3.7477683680476073,11.057792404043116,69,289.299528837204
1581,3.7477683680476073,11.057792404043116,69,289.4640073776245
1582,3.7877470054169535,11.08017394808422,69,289.6590015888214
1583,3.7877470054169535,11.08017394808422,69,289.86544728279114
1584,3.7877470054169535,11.08017394808422,69,290.05365800857544
1585,3.7877470054169535,11.08017394808422,69,290.21601963043213
1586,3.7877470054169535,11.08017394808422,69,290.3897819519043
1587,3.776760509651332,11.104116995197955,69,290.5701467990875
1588,3.776760509651332,11.104116995197955,69,290.7732803821564
1589,3.776760509651332,11.104116995197955,69,290.93750953674316
1590,3.776760509651332,11.104116995197955,69,291.1095972061157
1591,3.776760509651332,11.104116995197955,69,291.2893624305725
1592,3.7965972381170374,11.104116995197955,69,291.4678268432617
1593,3.7965972381170374,11.124416535142213,69,291.6524474620819
1594,3.7965972381170374,11.124416535142213,69,291.85127449035645
1595,3.7965972381170374,11.124416535142213,69,292.0345311164856
1596,3.7965972381170374,11.124416535142213,69,292.2166836261749
